media_R,media_G,media_B,media_H,media_S,media_V,hist_R_0,hist_R_1,hist_R_2,hist_R_3,hist_R_4,hist_R_5,hist_R_6,hist_R_7,hist_G_0,hist_G_1,hist_G_2,hist_G_3,hist_G_4,hist_G_5,hist_G_6,hist_G_7,hist_B_0,hist_B_1,hist_B_2,hist_B_3,hist_B_4,hist_B_5,hist_B_6,hist_B_7,media_gris,mediana_gris,varianza_gris,desv_std_gris,entropia,lbp_0,lbp_1,lbp_2,lbp_3,lbp_4,lbp_5,lbp_6,lbp_7,lbp_8,lbp_9,hog_mean,hog_std,area,perimetro,circularidad,compacidad,categoria,set
34.8560791015625,34.8560791015625,34.8560791015625,0.0,0.0,34.8560791015625,0.57806396,0.15228271,0.17779541,0.04260254,0.032287598,0.013793945,0.0031738281,0.0,0.57806396,0.15228271,0.17779541,0.04260254,0.032287598,0.013793945,0.0031738281,0.0,0.57806396,0.15228271,0.17779541,0.04260254,0.032287598,0.013793945,0.0031738281,0.0,34.8560791015625,4.0,1923.2985006421804,43.85542726552987,5.2702540121136385,0.029846191406067833,0.04382324218723252,0.02648925781233832,0.06829833984333314,0.11944580078052096,0.10473632812436073,0.04217529296849258,0.05816650390589498,0.4373168945285808,0.06970214843707456,0.114991345,0.12064315,6392.0,1267.1351724175438,0.0500265712941615,251.1939213356756,glioma,Training
38.99169921875,38.99169921875,38.99169921875,0.0,0.0,38.99169921875,0.4262085,0.37561035,0.15161133,0.030273438,0.012634277,0.0036010742,6.1035156e-05,0.0,0.4262085,0.37561035,0.15161133,0.030273438,0.012634277,0.0036010742,6.1035156e-05,0.0,0.4262085,0.37561035,0.15161133,0.030273438,0.012634277,0.0036010742,6.1035156e-05,0.0,38.99169921875,42.0,1074.9825971126556,32.78692722889194,6.12178445600784,0.05426025390591882,0.07446289062454552,0.039978027343505994,0.07995605468701199,0.14147949218663647,0.12329101562424749,0.06683349609334208,0.0913085937494427,0.20013427734252848,0.12829589843671693,0.13100736,0.103028394,8825.0,1731.4215357060589,0.03699294851129769,339.6963778251249,glioma,Training
43.572021484375,43.572021484375,43.572021484375,0.0,0.0,43.572021484375,0.41815186,0.32128906,0.17144775,0.054260254,0.023071289,0.010681152,0.0010986328,0.0,0.41815186,0.32128906,0.17144775,0.054260254,0.023071289,0.010681152,0.0010986328,0.0,0.41815186,0.32128906,0.17144775,0.054260254,0.023071289,0.010681152,0.0010986328,0.0,43.572021484375,45.0,1457.6732797026634,38.17948768255886,6.507111996340749,0.05102539062468856,0.07318115234330333,0.04345703124973476,0.08923339843695535,0.15917968749902844,0.11846923828052691,0.057250976562150564,0.07873535156201944,0.21093749999871253,0.11853027343677654,0.13083477,0.10324746,8454.0,1830.5464273870866,0.03170374827943988,396.3686092760381,glioma,Training
45.77093505859375,45.77093505859375,45.77093505859375,0.0,0.0,45.77093505859375,0.3843994,0.29162598,0.23236084,0.058166504,0.02142334,0.008911133,0.003112793,0.0,0.3843994,0.29162598,0.23236084,0.058166504,0.02142334,0.008911133,0.003112793,0.0,0.3843994,0.29162598,0.23236084,0.058166504,0.02142334,0.008911133,0.003112793,0.0,45.77093505859375,50.0,1493.4403881393373,38.645056451496316,6.28267816079676,0.04705810546846278,0.06701660156209097,0.037597656249770524,0.08642578124947249,0.164001464842749,0.11956787109302021,0.05718994140590094,0.08514404296823032,0.222656249998641,0.1133422851555582,0.12399385,0.11137011,8922.0,2056.889573137594,0.026500259678195037,474.1980179424069,glioma,Training
21.33624267578125,21.33624267578125,21.33624267578125,0.0,0.0,21.33624267578125,0.6090088,0.34014893,0.036071777,0.012268066,0.0021972656,0.00030517578,0.0,0.0,0.6090088,0.34014893,0.036071777,0.012268066,0.0021972656,0.00030517578,0.0,0.0,0.6090088,0.34014893,0.036071777,0.012268066,0.0021972656,0.00030517578,0.0,0.0,21.33624267578125,2.0,672.9916161559522,25.942081954923207,4.5841024189800095,0.038696289062263814,0.04663085937471539,0.02093505859362222,0.03796386718726828,0.08551025390572808,0.0731201171870537,0.03625488281227872,0.05554199218716099,0.5187988281218335,0.08654785156197176,0.11107029,0.1242625,6764.0,979.0458146424487,0.08867627317499008,141.71063086470963,glioma,Testing
46.492919921875,46.492919921875,46.492919921875,0.0,0.0,46.492919921875,0.3765869,0.25305176,0.30718994,0.035827637,0.01550293,0.010253906,0.0015258789,6.1035156e-05,0.3765869,0.25305176,0.30718994,0.035827637,0.01550293,0.010253906,0.0015258789,6.1035156e-05,0.3765869,0.25305176,0.30718994,0.035827637,0.01550293,0.010253906,0.0015258789,6.1035156e-05,46.492919921875,53.0,1417.4864000678062,37.64952058217749,6.193943938762802,0.05761718749964833,0.07574462890578769,0.04492187499972582,0.07513427734329141,0.13476562499917746,0.12237548828050307,0.06414794921835847,0.09289550781193301,0.19360351562381833,0.13879394531165287,0.128373,0.10629276,9910.0,1020.4072503561861,0.11960145057288682,105.0687140847096,glioma,Training
28.804443359375,28.804443359375,28.804443359375,0.0,0.0,28.804443359375,0.546875,0.33172607,0.09515381,0.01940918,0.006286621,0.0005493164,0.0,0.0,0.546875,0.33172607,0.09515381,0.01940918,0.006286621,0.0005493164,0.0,0.0,0.546875,0.33172607,0.09515381,0.01940918,0.006286621,0.0005493164,0.0,0.0,28.804443359375,21.0,923.0266990065575,30.381354463001767,5.494006071802663,0.03741455078102164,0.05596923828090839,0.037170410156023126,0.06939697265582644,0.11669921874928772,0.10351562499936819,0.051940917968432976,0.06951904296832569,0.36791992187275435,0.09045410156194791,0.13068543,0.103436425,7405.0,1267.5554826343268,0.05791632155958732,216.9745984546038,glioma,Training
32.1246337890625,32.1246337890625,32.1246337890625,0.0,0.0,32.1246337890625,0.62249756,0.12231445,0.15356445,0.0637207,0.03375244,0.003967285,0.00012207031,6.1035156e-05,0.62249756,0.12231445,0.15356445,0.0637207,0.03375244,0.003967285,0.00012207031,6.1035156e-05,0.62249756,0.12231445,0.15356445,0.0637207,0.03375244,0.003967285,0.00012207031,6.1035156e-05,32.1246337890625,4.0,1778.690765246749,42.17452744544684,5.226078827719796,0.03192138671855516,0.04803466796845682,0.027099609374834598,0.05743408203089945,0.10583496093685403,0.10028076171813793,0.03863525390601419,0.06182861328087263,0.45098876952849737,0.07794189453077428,0.11797139,0.11773075,5791.0,1081.0874452027913,0.062264682979175895,201.82180351840756,glioma,Testing
25.8917236328125,25.8917236328125,25.8917236328125,0.0,0.0,25.8917236328125,0.6413574,0.21398926,0.08959961,0.046325684,0.008239746,0.0004272461,0.0,6.1035156e-05,0.6413574,0.21398926,0.08959961,0.046325684,0.008239746,0.0004272461,0.0,6.1035156e-05,0.6413574,0.21398926,0.08959961,0.046325684,0.008239746,0.0004272461,0.0,6.1035156e-05,25.8917236328125,2.0,1210.8006541579962,34.79656095303092,4.859019500776316,0.03350830078104548,0.04217529296849258,0.021606445312368123,0.050964355468438936,0.09741210937440543,0.08563232421822733,0.03625488281227872,0.04895019531220123,0.5126342773406211,0.07086181640581748,0.11753551,0.11816591,5653.0,1223.082394568908,0.047487293693169966,264.625958589141,glioma,Training
34.67401123046875,34.67401123046875,34.67401123046875,0.0,0.0,34.67401123046875,0.58447266,0.1449585,0.17773438,0.057434082,0.023803711,0.009033203,0.0025024414,6.1035156e-05,0.58447266,0.1449585,0.17773438,0.057434082,0.023803711,0.009033203,0.0025024414,6.1035156e-05,0.58447266,0.1449585,0.17773438,0.057434082,0.023803711,0.009033203,0.0025024414,6.1035156e-05,34.67401123046875,5.0,1791.5974056385458,42.327265510998295,5.5232982998837965,0.03613281249977946,0.054565429687166954,0.02941894531232044,0.06286621093711629,0.11572265624929368,0.09838867187439948,0.04345703124973476,0.05957031249963641,0.41717529296620376,0.08270263671824522,0.12046101,0.115182124,6077.0,1344.337228564847,0.0422554420170781,297.39058484538646,glioma,Testing
23.24346923828125,23.24346923828125,23.24346923828125,0.0,0.0,23.24346923828125,0.6322632,0.29608154,0.03491211,0.0234375,0.012329102,0.0009765625,0.0,0.0,0.6322632,0.29608154,0.03491211,0.0234375,0.012329102,0.0009765625,0.0,0.0,0.6322632,0.29608154,0.03491211,0.0234375,0.012329102,0.0009765625,0.0,0.0,23.24346923828125,3.0,991.930773999542,31.49493251301774,4.40625280485222,0.030700683593562615,0.038146972656017165,0.015197753906157239,0.04071044921850152,0.09527587890566848,0.0786743164057698,0.03375244140604399,0.04833984374970496,0.5471191406216607,0.07208251953081005,0.09993642,0.133381,6045.0,866.1574669941303,0.10125406363227786,124.10732136140413,glioma,Testing
61.78912353515625,61.78912353515625,61.78912353515625,0.0,0.0,61.78912353515625,0.3614502,0.115112305,0.34301758,0.107421875,0.0357666,0.03125,0.0059814453,0.0,0.3614502,0.115112305,0.34301758,0.107421875,0.0357666,0.03125,0.0059814453,0.0,0.3614502,0.115112305,0.34301758,0.107421875,0.0357666,0.03125,0.0059814453,0.0,61.78912353515625,67.0,1927.8047132454813,43.90677297690507,6.307324238920868,0.03796386718726828,0.05297851562467664,0.03430175781229064,0.09497070312442034,0.18811035156135186,0.16235351562400907,0.056579589843404665,0.06195068359337188,0.23022460937359482,0.08056640624950825,0.12659715,0.10840174,8895.0,1128.9980874276962,0.08769390387432068,143.29810920915077,glioma,Testing
26.17816162109375,26.17816162109375,26.17816162109375,0.0,0.0,26.17816162109375,0.7357178,0.08709717,0.093322754,0.026245117,0.01977539,0.02557373,0.0119018555,0.00036621094,0.7357178,0.08709717,0.093322754,0.026245117,0.01977539,0.02557373,0.0119018555,0.00036621094,0.7357178,0.08709717,0.093322754,0.026245117,0.01977539,0.02557373,0.0119018555,0.00036621094,26.17816162109375,3.0,2131.453304823488,46.16766514372898,4.565613443985807,0.015258789062406868,0.029357910156070813,0.013366699218668416,0.06567382812459915,0.1126708984368123,0.1259765624992311,0.02990722656231746,0.051635742187184835,0.5127563476531204,0.04339599609348513,0.105442405,0.12907238,3637.0,759.1158364337878,0.07931166402032276,158.44290710051393,glioma,Testing
27.54852294921875,27.54852294921875,27.54852294921875,0.0,0.0,27.54852294921875,0.6311035,0.1850586,0.12982178,0.032226562,0.018371582,0.0033569336,6.1035156e-05,0.0,0.6311035,0.1850586,0.12982178,0.032226562,0.018371582,0.0033569336,6.1035156e-05,0.0,0.6311035,0.1850586,0.12982178,0.032226562,0.018371582,0.0033569336,6.1035156e-05,0.0,27.54852294921875,3.0,1347.3355361483991,36.706069472886895,4.908864869863793,0.033386230468546226,0.04425048828097992,0.023315429687357694,0.055603027343410626,0.0984497070306491,0.09527587890566848,0.04028320312475413,0.05316162109342552,0.48278808593455325,0.07348632812455147,0.11661605,0.11907341,5844.0,1074.5077554195743,0.06360642144128338,197.56449631362284,glioma,Testing
29.129638671875,29.129638671875,29.129638671875,0.0,0.0,29.129638671875,0.6645508,0.10736084,0.14868164,0.047058105,0.02319336,0.0076904297,0.0013427734,0.00012207031,0.6645508,0.10736084,0.14868164,0.047058105,0.02319336,0.0076904297,0.0013427734,0.00012207031,0.6645508,0.10736084,0.14868164,0.047058105,0.02319336,0.0076904297,0.0013427734,0.00012207031,29.129638671875,5.0,1665.914956510067,40.815621476464955,5.095748774712363,0.0333251953122966,0.04522705078097396,0.028503417968576028,0.05303955078092627,0.09783935546815282,0.10034179687438756,0.04388427734348215,0.05267333984342851,0.4742431640596054,0.07092285156206712,0.124568515,0.110726975,4966.0,1301.8996744053609,0.03681811437059374,341.30945674925186,glioma,Training
26.7008056640625,26.7008056640625,26.7008056640625,0.0,0.0,26.7008056640625,0.6816406,0.1437378,0.09576416,0.053771973,0.018554688,0.0048828125,0.0016479492,0.0,0.6816406,0.1437378,0.09576416,0.053771973,0.018554688,0.0048828125,0.0016479492,0.0,0.6816406,0.1437378,0.09576416,0.053771973,0.018554688,0.0048828125,0.0016479492,0.0,26.7008056640625,4.0,1509.3134368509054,38.849883356979404,5.098695936235585,0.02868652343732491,0.0440063476559814,0.026367187499839066,0.05877685546839125,0.1130981445305597,0.09173583984319009,0.036621093749776484,0.04895019531220123,0.4806518554658163,0.071105957030816,0.11912069,0.11656774,4622.0,1226.105735166021,0.03863527051585989,325.2564417583317,glioma,Training
32.98907470703125,32.98907470703125,32.98907470703125,0.0,0.0,32.98907470703125,0.5891113,0.17907715,0.16845703,0.031066895,0.018188477,0.011291504,0.002746582,6.1035156e-05,0.5891113,0.17907715,0.16845703,0.031066895,0.018188477,0.011291504,0.002746582,6.1035156e-05,0.5891113,0.17907715,0.16845703,0.031066895,0.018188477,0.011291504,0.002746582,6.1035156e-05,32.98907470703125,6.0,1610.9944485090673,40.13719532440037,5.66453872527929,0.027160644531084223,0.05090332031218931,0.030761718749812244,0.07513427734329141,0.1477661132803481,0.1279907226554688,0.04870605468720272,0.0637817382808607,0.35382080077909045,0.07397460937454849,0.12057787,0.115059786,5914.0,1359.059053971795,0.04023597484037956,312.31679272619385,glioma,Training
33.43341064453125,33.43341064453125,33.43341064453125,0.0,0.0,33.43341064453125,0.58587646,0.17608643,0.1821289,0.026000977,0.014343262,0.008361816,0.006652832,0.0005493164,0.58587646,0.17608643,0.1821289,0.026000977,0.014343262,0.008361816,0.006652832,0.0005493164,0.58587646,0.17608643,0.1821289,0.026000977,0.014343262,0.008361816,0.006652832,0.0005493164,33.43341064453125,7.0,1534.0097260139883,39.16643621794033,5.624666282359007,0.04632568359346725,0.07232666015580855,0.034057617187292125,0.06573486328084878,0.12609863281173034,0.11724853515553436,0.05804443359339572,0.09124755859319307,0.26916503906085715,0.1197509765617691,0.1201234,0.11553418,6224.0,1384.207286249936,0.04082039342091572,307.8454067010624,glioma,Training
29.1898193359375,29.1898193359375,29.1898193359375,0.0,0.0,29.1898193359375,0.6044922,0.10430908,0.26324463,0.018615723,0.007446289,0.0015258789,0.00036621094,0.0,0.6044922,0.10430908,0.26324463,0.018615723,0.007446289,0.0015258789,0.00036621094,0.0,0.6044922,0.10430908,0.26324463,0.018615723,0.007446289,0.0015258789,0.00036621094,0.0,29.1898193359375,4.0,1250.1037391275167,35.35680612170048,4.741971583572357,0.03692626953102462,0.05004882812469452,0.024230957031102104,0.0457763671872206,0.08673095703072063,0.08966064453070276,0.039001464843511954,0.06146240234337486,0.4786987304658282,0.08746337890571616,0.11447168,0.121136345,6332.0,922.335136523794,0.09353480889464778,134.34966899342476,glioma,Training
21.9296875,21.9296875,21.9296875,0.0,0.0,21.9296875,0.66064453,0.2487793,0.059631348,0.024353027,0.0059814453,0.0005493164,6.1035156e-05,0.0,0.66064453,0.2487793,0.059631348,0.024353027,0.0059814453,0.0005493164,6.1035156e-05,0.0,0.66064453,0.2487793,0.059631348,0.024353027,0.0059814453,0.0005493164,6.1035156e-05,0.0,21.9296875,2.0,918.5309448242188,30.307275443764635,4.573498727453044,0.030212402343565595,0.039855957031006736,0.019653320312380044,0.04455566406222805,0.0913085937494427,0.09759521484315432,0.036621093749776484,0.05090332031218931,0.5278320312467784,0.06146240234337486,0.11622189,0.11945815,5592.0,969.6732316404183,0.07473537414956517,168.14488128754869,glioma,Training
34.9202880859375,34.9202880859375,34.9202880859375,0.0,0.0,34.9202880859375,0.6053467,0.09466553,0.21990967,0.049438477,0.021118164,0.008422852,0.0010986328,0.0,0.6053467,0.09466553,0.21990967,0.049438477,0.021118164,0.008422852,0.0010986328,0.0,0.6053467,0.09466553,0.21990967,0.049438477,0.021118164,0.008422852,0.0010986328,0.0,34.9202880859375,5.0,1763.680779799819,41.996199587579575,5.391090162457606,0.039001464843511954,0.06103515624962747,0.02795410156232938,0.06854248046833164,0.12152099609300829,0.13189697265544495,0.057556152343398705,0.08380126953073852,0.30700683593562617,0.10168457031187936,0.12244973,0.11306565,5996.0,908.17575695736,0.09135486476804477,137.55557130171346,glioma,Testing
28.00714111328125,28.00714111328125,28.00714111328125,0.0,0.0,28.00714111328125,0.6538696,0.10101318,0.18902588,0.030456543,0.01586914,0.009460449,0.00030517578,0.0,0.6538696,0.10101318,0.18902588,0.030456543,0.01586914,0.009460449,0.00030517578,0.0,0.6538696,0.10101318,0.18902588,0.030456543,0.01586914,0.009460449,0.00030517578,0.0,28.00714111328125,3.0,1539.2605080865324,39.23341060991935,4.861132989608882,0.035339355468534304,0.047302246093461287,0.024780273437348753,0.0451049804684747,0.09448242187442332,0.07202148437456041,0.036010742187280204,0.051086425780938194,0.5095825195281397,0.08428955078073554,0.11146793,0.12390593,5466.0,872.0924958366747,0.09031385751103335,139.1411125676254,glioma,Training
21.3778076171875,21.3778076171875,21.3778076171875,0.0,0.0,21.3778076171875,0.6501465,0.29296875,0.0413208,0.013305664,0.0021362305,0.00012207031,0.0,0.0,0.6501465,0.29296875,0.0413208,0.013305664,0.0021362305,0.00012207031,0.0,0.0,0.6501465,0.29296875,0.0413208,0.013305664,0.0021362305,0.00012207031,0.0,0.0,21.3778076171875,3.0,750.1817242950201,27.38944549082767,4.656120057038909,0.03430175781229064,0.04431152343722954,0.022338867187363654,0.05316162109342552,0.08654785156197176,0.09118652343694343,0.04016113281225488,0.0537719726559218,0.4924316406219944,0.0817871093745008,0.11807421,0.11762763,5921.0,1106.4488809165287,0.06077741398440723,206.76053472072937,glioma,Training
24.7374267578125,24.7374267578125,24.7374267578125,0.0,0.0,24.7374267578125,0.60839844,0.3206787,0.04046631,0.018798828,0.010986328,0.00048828125,0.00012207031,6.1035156e-05,0.60839844,0.3206787,0.04046631,0.018798828,0.010986328,0.00048828125,0.00012207031,6.1035156e-05,0.60839844,0.3206787,0.04046631,0.018798828,0.010986328,0.00048828125,0.00012207031,6.1035156e-05,24.7374267578125,4.0,937.9242193549871,30.625548474353682,4.817199543478412,0.028808593749824165,0.0433349609372355,0.02124023437487036,0.05908203124963939,0.12023925781176611,0.10437011718686297,0.04003906249975562,0.05084228515593968,0.4589233398409489,0.0731201171870537,0.11022688,0.12501124,6461.0,1102.986940139403,0.06673733568807665,188.29595884817877,glioma,Training
34.325927734375,34.325927734375,34.325927734375,0.0,0.0,34.325927734375,0.633667,0.08502197,0.1506958,0.07611084,0.04156494,0.012084961,0.00079345703,6.1035156e-05,0.633667,0.08502197,0.1506958,0.07611084,0.04156494,0.012084961,0.00079345703,6.1035156e-05,0.633667,0.08502197,0.1506958,0.07611084,0.04156494,0.012084961,0.00079345703,6.1035156e-05,34.325927734375,4.0,2134.9773892760277,46.205815535233526,5.198643698132993,0.026306152343589437,0.042236328124742206,0.02514648437484652,0.07202148437456041,0.11871337890552543,0.11901855468677357,0.043212890624736246,0.056579589843404665,0.4368286132785838,0.059936523437134175,0.119495295,0.11618371,5524.0,947.17575695736,0.07737530723571832,162.40802218822375,glioma,Training
58.98828125,58.98828125,58.98828125,0.0,0.0,58.98828125,0.23577881,0.21166992,0.44543457,0.07891846,0.024780273,0.0025634766,0.0008544922,0.0,0.23577881,0.21166992,0.44543457,0.07891846,0.024780273,0.0025634766,0.0008544922,0.0,0.23577881,0.21166992,0.44543457,0.07891846,0.024780273,0.0025634766,0.0008544922,0.0,58.98828125,67.0,1248.478256225586,35.33381179869483,6.468150282329733,0.057556152343398705,0.07830810546827204,0.04168701171849556,0.08300781249949336,0.16815185546772368,0.12268066406175121,0.06622314453084581,0.08862304687445909,0.16015624999902248,0.13360595703043454,0.131097,0.10291429,12015.0,1427.615403157899,0.07408174249866782,169.62844272440202,glioma,Training
27.25244140625,27.25244140625,27.25244140625,0.0,0.0,27.25244140625,0.6251831,0.17858887,0.15429688,0.03125,0.0078125,0.0026245117,0.00024414062,0.0,0.6251831,0.17858887,0.15429688,0.03125,0.0078125,0.0026245117,0.00024414062,0.0,0.6251831,0.17858887,0.15429688,0.03125,0.0078125,0.0026245117,0.00024414062,0.0,27.25244140625,3.0,1217.0165956020355,34.885764942194335,4.952808502033742,0.030273437499815224,0.045043945312225074,0.025268554687345773,0.05975341796838529,0.0995483398431424,0.10174560546812898,0.04028320312475413,0.05718994140590094,0.4639282226534184,0.07696533203078024,0.12083603,0.11478865,5912.0,1059.1940469205897,0.0662206176259153,189.76522818538842,glioma,Training
57.0869140625,57.0869140625,57.0869140625,0.0,0.0,57.0869140625,0.3899536,0.105773926,0.32678223,0.10217285,0.053466797,0.019348145,0.0025024414,0.0,0.3899536,0.105773926,0.32678223,0.10217285,0.053466797,0.019348145,0.0025024414,0.0,0.3899536,0.105773926,0.32678223,0.10217285,0.053466797,0.019348145,0.0025024414,0.0,57.0869140625,64.0,2166.9716939926147,46.55074321632915,6.71975219585882,0.05603027343715802,0.07501220703079216,0.04895019531220123,0.08770751953071468,0.17028808593646064,0.12463378906173929,0.06323242187461406,0.08618164062447399,0.15966796874902545,0.12829589843671693,0.13043413,0.10375316,9218.0,1068.9930367938127,0.10136705173127858,123.96898597457776,glioma,Training
29.8472900390625,29.8472900390625,29.8472900390625,0.0,0.0,29.8472900390625,0.6296387,0.14569092,0.1439209,0.05609131,0.020263672,0.003479004,0.00091552734,0.0,0.6296387,0.14569092,0.1439209,0.05609131,0.020263672,0.003479004,0.00091552734,0.0,0.6296387,0.14569092,0.1439209,0.05609131,0.020263672,0.003479004,0.00091552734,0.0,29.8472900390625,4.0,1556.9027050584555,39.457606428399274,5.10625580365477,0.03448486328103952,0.04486083984347619,0.02917480468732193,0.0551147460934136,0.10693359374934733,0.08862304687445909,0.0371093749997735,0.0499877929684449,0.4791259765595756,0.07458496093704477,0.121007234,0.11460815,5616.0,1243.8103166302658,0.045617203061533315,275.4743774494092,glioma,Training
72.13848876953125,72.13848876953125,72.13848876953125,0.0,0.0,72.13848876953125,0.28875732,0.10583496,0.32440186,0.16400146,0.04046631,0.03326416,0.024291992,0.018981934,0.28875732,0.10583496,0.32440186,0.16400146,0.04046631,0.03326416,0.024291992,0.018981934,0.28875732,0.10583496,0.32440186,0.16400146,0.04046631,0.03326416,0.024291992,0.018981934,72.13848876953125,77.0,3036.15666314587,55.101330865468846,6.92657985716956,0.03375244140604399,0.0568847656246528,0.046203613280967996,0.10107421874938309,0.24029541015478334,0.14251708984288014,0.05975341796838529,0.05804443359339572,0.1735229492176909,0.08795166015571318,0.1315161,0.10237819,9949.0,2063.4875528840407,0.02936199685697445,427.9807901203505,glioma,Testing
27.2359619140625,27.2359619140625,27.2359619140625,0.0,0.0,27.2359619140625,0.6981201,0.11004639,0.11401367,0.033081055,0.019958496,0.0138549805,0.00970459,0.0012207031,0.6981201,0.11004639,0.11401367,0.033081055,0.019958496,0.0138549805,0.00970459,0.0012207031,0.6981201,0.11004639,0.11401367,0.033081055,0.019958496,0.0138549805,0.00970459,0.0012207031,27.2359619140625,3.0,1915.996323928237,43.77209526545693,4.82472174446484,0.016845703124897183,0.03430175781229064,0.017944335937390476,0.06439208984335698,0.13067626953045242,0.11944580078052096,0.034362792968540265,0.050231933593443405,0.48559570312203615,0.046203613280967996,0.112045236,0.12338413,4258.0,929.6904755831214,0.06190685729795047,202.98834673320113,meningioma,Training
45.88677978515625,45.88677978515625,45.88677978515625,0.0,0.0,45.88677978515625,0.41882324,0.22662354,0.25427246,0.061767578,0.022399902,0.012878418,0.0032348633,0.0,0.41882324,0.22662354,0.25427246,0.061767578,0.022399902,0.012878418,0.0032348633,0.0,0.41882324,0.22662354,0.25427246,0.061767578,0.022399902,0.012878418,0.0032348633,0.0,45.88677978515625,45.0,1688.1585068665445,41.087206121450315,6.385748621304577,0.03741455078102164,0.0593261718746379,0.04370117187473327,0.09423828124942481,0.18383789062387793,0.14373779296787267,0.06286621093711629,0.07916259765576683,0.20251464843626393,0.09320068359318115,0.12980615,0.10453775,8061.0,1831.3626612030134,0.030202999436454703,416.06366416680106,meningioma,Testing
53.2108154296875,53.2108154296875,53.2108154296875,0.0,0.0,53.2108154296875,0.414917,0.16046143,0.25750732,0.088012695,0.05633545,0.015319824,0.0072631836,0.00018310547,0.414917,0.16046143,0.25750732,0.088012695,0.05633545,0.015319824,0.0072631836,0.00018310547,0.414917,0.16046143,0.25750732,0.088012695,0.05633545,0.015319824,0.0072631836,0.00018310547,53.2108154296875,52.0,2192.9016017764807,46.82842728275722,6.597090617173051,0.05029296874969304,0.06677246093709245,0.04541015624972284,0.09393310546817667,0.16986083984271325,0.13146972656169756,0.05340576171842403,0.07171630859331228,0.1966552734362997,0.12048339843676462,0.13097149,0.10307397,7857.0,1924.084486609961,0.026669712938769154,471.1850721157079,meningioma,Training
53.40838623046875,53.40838623046875,53.40838623046875,0.0,0.0,53.40838623046875,0.42889404,0.13134766,0.25463867,0.09790039,0.053588867,0.025268555,0.0076293945,0.0007324219,0.42889404,0.13134766,0.25463867,0.09790039,0.053588867,0.025268555,0.0076293945,0.0007324219,0.42889404,0.13134766,0.25463867,0.09790039,0.053588867,0.025268555,0.0076293945,0.0007324219,53.40838623046875,52.0,2456.7293998859823,49.56540527309327,6.484601786761444,0.04724121093721166,0.06506347656210289,0.04272460937473923,0.08978271484320201,0.1673583984364785,0.1206665039055135,0.05749511718714907,0.07562255859328844,0.21813964843616857,0.11590576171804257,0.12839894,0.106261425,7919.0,1766.841845922842,0.031877544001649126,394.2076156716802,meningioma,Training
26.982421875,26.982421875,26.982421875,0.0,0.0,26.982421875,0.6370239,0.16400146,0.15881348,0.02142334,0.0107421875,0.0068969727,0.0010986328,0.0,0.6370239,0.16400146,0.15881348,0.02142334,0.0107421875,0.0068969727,0.0010986328,0.0,0.6370239,0.16400146,0.15881348,0.02142334,0.0107421875,0.0068969727,0.0010986328,0.0,26.982421875,2.0,1336.9171714782715,36.563877960061504,4.76683474498179,0.02264404296861179,0.03594970703103058,0.021179199218620732,0.0624389648433689,0.10614013671810217,0.11254882812431305,0.03723144531227276,0.049499511718447874,0.49499511718447875,0.05737304687464982,0.11391628,0.12165877,5739.0,982.3239892355008,0.07473715965334188,168.1408642320175,meningioma,Training
46.50677490234375,46.50677490234375,46.50677490234375,0.0,0.0,46.50677490234375,0.48791504,0.13543701,0.24072266,0.07507324,0.033081055,0.019042969,0.008178711,0.0005493164,0.48791504,0.13543701,0.24072266,0.07507324,0.033081055,0.019042969,0.008178711,0.0005493164,0.48791504,0.13543701,0.24072266,0.07507324,0.033081055,0.019042969,0.008178711,0.0005493164,46.50677490234375,37.0,2232.3600615225732,47.247857745326115,6.167766487905821,0.041137695312248916,0.06317138671836443,0.036010742187280204,0.08276367187449485,0.15875244140528105,0.14050292968664244,0.05834960937464386,0.0753173828120403,0.24053955077978184,0.10345458984311856,0.12268765,0.11280743,7562.0,1360.5504320004434,0.051335435175247024,244.78940465704747,meningioma,Training
25.09881591796875,25.09881591796875,25.09881591796875,0.0,0.0,25.09881591796875,0.77246094,0.045898438,0.05609131,0.06774902,0.05218506,0.005554199,6.1035156e-05,0.0,0.77246094,0.045898438,0.05609131,0.06774902,0.05218506,0.005554199,6.1035156e-05,0.0,0.77246094,0.045898438,0.05609131,0.06774902,0.05218506,0.005554199,6.1035156e-05,0.0,25.09881591796875,3.0,1910.4891978166997,43.7091431832826,4.360883223841849,0.01495361328115873,0.03204345703105442,0.01617431640615128,0.06573486328084878,0.10424804687436372,0.12188720703050605,0.02917480468732193,0.04864501953095309,0.5278320312467784,0.03930664062476009,0.11430776,0.12129103,3076.0,929.2762620207482,0.04476169341608181,280.7393924431906,meningioma,Training
27.8814697265625,27.8814697265625,27.8814697265625,0.0,0.0,27.8814697265625,0.763916,0.022094727,0.10241699,0.03289795,0.043701172,0.030151367,0.004760742,6.1035156e-05,0.763916,0.022094727,0.10241699,0.03289795,0.043701172,0.030151367,0.004760742,6.1035156e-05,0.763916,0.022094727,0.10241699,0.03289795,0.043701172,0.030151367,0.004760742,6.1035156e-05,27.8814697265625,5.0,2328.6672249883413,48.25626617329962,4.4288268251185245,0.01995849609362818,0.04565429687472135,0.017028808593646062,0.06341552734336293,0.09948730468689278,0.12426757812424152,0.04394531249973178,0.07183837890581153,0.4528198242159862,0.06158447265587411,0.11692525,0.118769795,3629.0,455.2152954766495,0.2200711636855669,57.10139576629741,meningioma,Training
37.857177734375,37.857177734375,37.857177734375,0.0,0.0,37.857177734375,0.54211426,0.13458252,0.23309326,0.05718994,0.02130127,0.010437012,0.0012207031,6.1035156e-05,0.54211426,0.13458252,0.23309326,0.05718994,0.02130127,0.010437012,0.0012207031,6.1035156e-05,0.54211426,0.13458252,0.23309326,0.05718994,0.02130127,0.010437012,0.0012207031,6.1035156e-05,37.857177734375,7.0,1812.0535764098167,42.56822261276382,5.594802192389165,0.031433105468558147,0.051635742187184835,0.028137207031078262,0.07250976562455744,0.12573242187423259,0.1197509765617691,0.049682617187196756,0.06286621093711629,0.3826904296851642,0.0755615234370388,0.12161251,0.113965675,6977.0,1264.7331521639906,0.05481264776109196,229.260419404137,meningioma,Training
47.28192138671875,47.28192138671875,47.28192138671875,0.0,0.0,47.28192138671875,0.45819092,0.19274902,0.21459961,0.056274414,0.0546875,0.019897461,0.0036010742,0.0,0.45819092,0.19274902,0.21459961,0.056274414,0.0546875,0.019897461,0.0036010742,0.0,0.45819092,0.19274902,0.21459961,0.056274414,0.0546875,0.019897461,0.0036010742,0.0,47.28192138671875,43.0,2081.927173163742,45.628140145788784,6.353263848211897,0.04895019531220123,0.06958007812457531,0.045166015624724325,0.08502197265573107,0.14691162109285333,0.13146972656169756,0.059692382812135666,0.08410644531198665,0.2115478515612088,0.1175537109367825,0.12996078,0.104345456,7486.0,2031.3870478206527,0.022796823074611734,551.2334141134794,meningioma,Training
33.080810546875,33.080810546875,33.080810546875,0.0,0.0,33.080810546875,0.6688843,0.03387451,0.18225098,0.068115234,0.030334473,0.013000488,0.0034179688,0.00012207031,0.6688843,0.03387451,0.18225098,0.068115234,0.030334473,0.013000488,0.0034179688,0.00012207031,0.6688843,0.03387451,0.18225098,0.068115234,0.030334473,0.013000488,0.0034179688,0.00012207031,33.080810546875,4.0,2161.9663700461388,46.496950115530574,4.799216506364126,0.027160644531084223,0.03784179687476903,0.019226074218632653,0.05279541015592776,0.10937499999933242,0.1253662109367348,0.03698730468727424,0.060363769530881566,0.4673461914033975,0.0635375976558622,0.10620027,0.12844951,5156.0,701.1808075912433,0.13178401418413271,95.35580390502484,meningioma,Training
39.1058349609375,39.1058349609375,39.1058349609375,0.0,0.0,39.1058349609375,0.600647,0.12506104,0.13012695,0.06994629,0.031555176,0.023864746,0.015991211,0.0028076172,0.600647,0.12506104,0.13012695,0.06994629,0.031555176,0.023864746,0.015991211,0.0028076172,0.600647,0.12506104,0.13012695,0.06994629,0.031555176,0.023864746,0.015991211,0.0028076172,39.1058349609375,5.0,2657.127837046981,51.54733588699789,5.791322992471998,0.018859863281134887,0.039001464843511954,0.02752685546858199,0.08923339843695535,0.17114257812395542,0.13488769531167671,0.04003906249975562,0.05236816406218037,0.3746337890602134,0.05230712890593074,0.11784327,0.11785899,4872.0,1080.2823586751583,0.05246172609727464,239.5340670083669,meningioma,Training
48.58056640625,48.58056640625,48.58056640625,0.0,0.0,48.58056640625,0.37597656,0.27142334,0.24945068,0.066711426,0.025390625,0.010314941,0.0007324219,0.0,0.37597656,0.27142334,0.24945068,0.066711426,0.025390625,0.010314941,0.0007324219,0.0,0.37597656,0.27142334,0.24945068,0.066711426,0.025390625,0.010314941,0.0007324219,0.0,48.58056640625,50.0,1494.337503194809,38.65666182166806,6.67177391533812,0.0444335937497288,0.07086181640581748,0.04296874999973774,0.09960937499939203,0.19781494140504263,0.14569091796786077,0.061889648437122254,0.07696533203078024,0.14807128906159625,0.11169433593681827,0.13100518,0.103031166,8677.0,2249.0510447450815,0.02155662847409654,582.9469404020908,meningioma,Training
39.47235107421875,39.47235107421875,39.47235107421875,0.0,0.0,39.47235107421875,0.6703491,0.020202637,0.10546875,0.09967041,0.048034668,0.038513184,0.016906738,0.0008544922,0.6703491,0.020202637,0.10546875,0.09967041,0.048034668,0.038513184,0.016906738,0.0008544922,0.6703491,0.020202637,0.10546875,0.09967041,0.048034668,0.038513184,0.016906738,0.0008544922,39.47235107421875,4.0,3307.9214767478406,57.51453274388866,4.918773172007232,0.02362060546860583,0.0419921874997437,0.017883300781140848,0.05914306640588902,0.12860107421796507,0.10772705078059248,0.03790283203101866,0.057556152343398705,0.46514892577841094,0.06042480468713119,0.11115078,0.12419052,5138.0,636.944263558534,0.15914796974940826,78.96029483848253,meningioma,Training
45.53082275390625,45.53082275390625,45.53082275390625,0.0,0.0,45.53082275390625,0.48883057,0.1184082,0.2850952,0.051879883,0.032836914,0.017456055,0.0048828125,0.00061035156,0.48883057,0.1184082,0.2850952,0.051879883,0.032836914,0.017456055,0.0048828125,0.00061035156,0.48883057,0.1184082,0.2850952,0.051879883,0.032836914,0.017456055,0.0048828125,0.00061035156,45.53082275390625,35.0,2128.3984640203416,46.13456907808224,6.073540546294946,0.033386230468546226,0.05944824218713715,0.034912109374786914,0.0913085937494427,0.16497802734274306,0.13549804687417297,0.05694580078090243,0.07440185546829588,0.2531127929672051,0.09600830078066401,0.12435848,0.1109628,7520.0,1341.4793641885778,0.05251213935509681,239.30410698720627,meningioma,Training
32.8758544921875,32.8758544921875,32.8758544921875,0.0,0.0,32.8758544921875,0.6123657,0.13739014,0.17016602,0.037231445,0.028076172,0.010192871,0.0045776367,0.0,0.6123657,0.13739014,0.17016602,0.037231445,0.028076172,0.010192871,0.0045776367,0.0,0.6123657,0.13739014,0.17016602,0.037231445,0.028076172,0.010192871,0.0045776367,0.0,32.8758544921875,5.0,1766.9710380882025,42.03535462070235,5.448100684352706,0.030761718749812244,0.05090332031218931,0.02752685546858199,0.06872558593708053,0.12817382812421768,0.11669921874928772,0.047546386718459795,0.06585693359334804,0.3820190429664183,0.0817871093745008,0.11717774,0.11852069,3553.0,381.8538597629123,0.30620388878343424,41.039226066938895,meningioma,Training
44.9732666015625,44.9732666015625,44.9732666015625,0.0,0.0,44.9732666015625,0.42669678,0.2253418,0.25402832,0.059692383,0.018066406,0.015686035,0.00048828125,0.0,0.42669678,0.2253418,0.25402832,0.059692383,0.018066406,0.015686035,0.00048828125,0.0,0.42669678,0.2253418,0.25402832,0.059692383,0.018066406,0.015686035,0.00048828125,0.0,44.9732666015625,45.0,1608.069841966033,40.10074615223554,6.365592855758521,0.0482177734372057,0.067993164062085,0.04748535156221017,0.08966064453070276,0.1626586914052572,0.12646484374922812,0.059509277343386784,0.0762329101557847,0.19897460937378555,0.12280273437425046,0.1346559,0.09821186,8075.0,2000.1444071335332,0.025364697702214292,495.42757267957313,meningioma,Testing
104.10980224609375,104.10980224609375,104.10980224609375,0.0,0.0,104.10980224609375,0.2088623,0.05291748,0.107299805,0.4453125,0.036987305,0.026977539,0.038024902,0.083618164,0.2088623,0.05291748,0.107299805,0.4453125,0.036987305,0.026977539,0.038024902,0.083618164,0.2088623,0.05291748,0.107299805,0.4453125,0.036987305,0.026977539,0.038024902,0.083618164,104.10980224609375,106.0,3602.8321207128465,60.0235963660363,6.439973194869897,0.029357910156070813,0.055175781249663235,0.029113769531072302,0.0999755859368898,0.216430664061179,0.18298339843638314,0.06536865234335101,0.06707763671834059,0.17077636718645767,0.08374023437448888,0.11349207,0.122054614,1289.0,168.78174593052023,0.5686065147656953,22.100293063890366,meningioma,Testing
42.944580078125,42.944580078125,42.944580078125,0.0,0.0,42.944580078125,0.52526855,0.15283203,0.19470215,0.05230713,0.044799805,0.025817871,0.004272461,0.0,0.52526855,0.15283203,0.19470215,0.05230713,0.044799805,0.025817871,0.004272461,0.0,0.52526855,0.15283203,0.19470215,0.05230713,0.044799805,0.025817871,0.004272461,0.0,42.944580078125,22.5,2218.1858934760094,47.0976208897648,6.001135507495453,0.04534912109347321,0.06762695312458723,0.03454589843728915,0.0786743164057698,0.13970947265539727,0.10742187499934434,0.055603027343410626,0.07708740234327949,0.28234863281077666,0.11163330078056864,0.12931624,0.10514317,6460.0,1797.5992052357224,0.025122140908974456,500.2109756445976,meningioma,Training
41.74810791015625,41.74810791015625,41.74810791015625,0.0,0.0,41.74810791015625,0.524353,0.15093994,0.22467041,0.04888916,0.032409668,0.0134887695,0.0045776367,0.0006713867,0.524353,0.15093994,0.22467041,0.04888916,0.032409668,0.0134887695,0.0045776367,0.0006713867,0.524353,0.15093994,0.22467041,0.04888916,0.032409668,0.0134887695,0.0045776367,0.0006713867,41.74810791015625,24.0,1961.4766504727304,44.28856116959243,6.147091740559995,0.044494628905978426,0.06524658203085176,0.03485107421853728,0.08203124999949932,0.1477661132803481,0.1148681640617989,0.055725097655909876,0.07250976562455744,0.27520751952957023,0.1072998046868451,0.12837037,0.10629594,6575.0,1664.491557497398,0.02982238879239014,421.37371026313514,meningioma,Training
51.63592529296875,51.63592529296875,51.63592529296875,0.0,0.0,51.63592529296875,0.36120605,0.23272705,0.29815674,0.059814453,0.02923584,0.01184082,0.006713867,0.00030517578,0.36120605,0.23272705,0.29815674,0.059814453,0.02923584,0.01184082,0.006713867,0.00030517578,0.36120605,0.23272705,0.29815674,0.059814453,0.02923584,0.01184082,0.006713867,0.00030517578,51.63592529296875,53.0,1642.4826229475439,40.5275538732298,6.753381473213881,0.05297851562467664,0.07263183593705669,0.04669189453096501,0.10119628906188234,0.18756103515510522,0.13275146484293973,0.0697631835933242,0.08081054687450677,0.13092041015545092,0.12469482421798891,0.13294853,0.10051103,8433.0,2285.394190495589,0.020289424386647537,619.3556985593489,meningioma,Training
120.16314697265625,120.16314697265625,120.16314697265625,0.0,0.0,120.16314697265625,0.104003906,0.070617676,0.1116333,0.26904297,0.296875,0.027770996,0.02319336,0.09686279,0.104003906,0.070617676,0.1116333,0.26904297,0.296875,0.027770996,0.02319336,0.09686279,0.104003906,0.070617676,0.1116333,0.26904297,0.296875,0.027770996,0.02319336,0.09686279,120.16314697265625,123.0,3452.371759530157,58.756886911494526,7.361304778068033,0.05664062499965429,0.07989501953076236,0.051940917968432976,0.10717773437434583,0.21752929687367228,0.12945556640545985,0.06622314453084581,0.08013916015576086,0.08685302734321988,0.12414550781174227,0.1304072,0.10378699,10145.0,1799.4987001723343,0.039369404055793,319.1912835802781,meningioma,Training
74.942626953125,74.942626953125,74.942626953125,0.0,0.0,74.942626953125,0.37530518,0.056152344,0.16473389,0.20269775,0.08673096,0.06201172,0.026184082,0.026184082,0.37530518,0.056152344,0.16473389,0.20269775,0.08673096,0.06201172,0.026184082,0.026184082,0.37530518,0.056152344,0.16473389,0.20269775,0.08673096,0.06201172,0.026184082,0.026184082,74.942626953125,81.0,4436.552982747555,66.6074544082534,6.694059995592024,0.03485107421853728,0.051940917968432976,0.04058837890600227,0.095520019530667,0.20782470702998154,0.12658691406172737,0.054565429687166954,0.0520019531246826,0.2583618164046731,0.0777587890620254,0.1286509,0.10595624,9097.0,1452.6753236814711,0.05417150982972008,231.97379312224547,meningioma,Testing
33.90374755859375,33.90374755859375,33.90374755859375,0.0,0.0,33.90374755859375,0.6598511,0.07525635,0.12652588,0.06762695,0.051452637,0.01586914,0.0034179688,0.0,0.6598511,0.07525635,0.12652588,0.06762695,0.051452637,0.01586914,0.0034179688,0.0,0.6598511,0.07525635,0.12652588,0.06762695,0.051452637,0.01586914,0.0034179688,0.0,33.90374755859375,3.0,2339.469678338617,48.36806465363915,5.110630036114689,0.028747558593574536,0.0402221679685045,0.02246093749986291,0.06304931640586517,0.10949707031183167,0.12249755859300233,0.03857421874976456,0.05645751953090541,0.4593505859346963,0.05914306640588902,0.12165222,0.11392328,4866.0,1256.0174234114522,0.03876061334784965,324.2046378777524,meningioma,Training
36.83917236328125,36.83917236328125,36.83917236328125,0.0,0.0,36.83917236328125,0.52368164,0.2156372,0.19927979,0.03765869,0.014526367,0.0076904297,0.001159668,0.00036621094,0.52368164,0.2156372,0.19927979,0.03765869,0.014526367,0.0076904297,0.001159668,0.00036621094,0.52368164,0.2156372,0.19927979,0.03765869,0.014526367,0.0076904297,0.001159668,0.00036621094,36.83917236328125,27.0,1393.3848400376737,37.32807040335294,6.029823110328391,0.03948974609350897,0.06298828124961554,0.03881835937476307,0.08435058593698516,0.15679931640529296,0.13427734374918043,0.05645751953090541,0.07348632812455147,0.24969482421722597,0.10363769531186744,0.12494445,0.1103026,6970.0,1526.4326829943518,0.037591298665604456,334.28934515255884,meningioma,Training
85.00909423828125,85.00909423828125,85.00909423828125,0.0,0.0,85.00909423828125,0.1984253,0.086120605,0.22741699,0.3361206,0.08502197,0.053222656,0.012756348,0.00091552734,0.1984253,0.086120605,0.22741699,0.3361206,0.08502197,0.053222656,0.012756348,0.00091552734,0.1984253,0.086120605,0.22741699,0.3361206,0.08502197,0.053222656,0.012756348,0.00091552734,85.00909423828125,94.0,2544.530373837799,50.44333825033588,7.046222879496084,0.034912109374786914,0.0593261718746379,0.049133300780950115,0.1155395507805448,0.2424316406235203,0.14227294921788164,0.06298828124961554,0.05981445312463492,0.14916992187408953,0.08441162109323479,0.13515404,0.09752521,11618.0,1580.2783540618013,0.05846205180069496,214.94918887211875,meningioma,Testing
33.2198486328125,33.2198486328125,33.2198486328125,0.0,0.0,33.2198486328125,0.61309814,0.10974121,0.18383789,0.054016113,0.0211792,0.012573242,0.005432129,0.00012207031,0.61309814,0.10974121,0.18383789,0.054016113,0.0211792,0.012573242,0.005432129,0.00012207031,0.61309814,0.10974121,0.18383789,0.054016113,0.0211792,0.012573242,0.005432129,0.00012207031,33.2198486328125,3.0,1982.4548404067755,44.52476659575854,4.983099095799427,0.025939941406091675,0.0388793945310127,0.026245117187339812,0.059387207030887526,0.11370849609305597,0.09613037109316326,0.037597656249770524,0.046874999999713896,0.4926147460907433,0.06262207031211778,0.115960814,0.11971161,5933.0,1131.247870789752,0.058259756182623613,215.69555792454864,meningioma,Training
22.9864501953125,22.9864501953125,22.9864501953125,0.0,0.0,22.9864501953125,0.66900635,0.21801758,0.08239746,0.018615723,0.009033203,0.0028686523,6.1035156e-05,0.0,0.66900635,0.21801758,0.08239746,0.018615723,0.009033203,0.0028686523,6.1035156e-05,0.0,0.66900635,0.21801758,0.08239746,0.018615723,0.009033203,0.0028686523,6.1035156e-05,0.0,22.9864501953125,2.0,1052.0167841762304,32.43480821858255,4.543241550871453,0.024719238281099124,0.04052734374975264,0.018676757812386004,0.054565429687166954,0.09326171874943077,0.10424804687436372,0.03540039062478393,0.05499267578091435,0.5092163085906419,0.06439208984335698,0.11412623,0.12146185,5358.0,1124.8864350760145,0.053210239528534,236.16451881635402,meningioma,Testing
45.052490234375,45.052490234375,45.052490234375,0.0,0.0,45.052490234375,0.50823975,0.1437378,0.21948242,0.059020996,0.04321289,0.020446777,0.0057373047,0.00012207031,0.50823975,0.1437378,0.21948242,0.059020996,0.04321289,0.020446777,0.0057373047,0.00012207031,0.50823975,0.1437378,0.21948242,0.059020996,0.04321289,0.020446777,0.0057373047,0.00012207031,45.052490234375,30.0,2197.2589635252953,46.87492894421596,6.33425668107302,0.041076660155999284,0.06140136718712523,0.0440063476559814,0.08294677734324372,0.15075683593657985,0.12011718749926686,0.055847167968409134,0.06964111328082494,0.27319335937333256,0.10101318359313347,0.13142852,0.1024906,6399.0,1725.9240610230006,0.02699470635671687,465.51240262824285,meningioma,Training
22.73870849609375,22.73870849609375,22.73870849609375,0.0,0.0,22.73870849609375,0.6998291,0.2121582,0.024414062,0.024658203,0.034606934,0.0040283203,0.00030517578,0.0,0.6998291,0.2121582,0.024414062,0.024658203,0.034606934,0.0040283203,0.00030517578,0.0,0.6998291,0.2121582,0.024414062,0.024658203,0.034606934,0.0040283203,0.00030517578,0.0,22.73870849609375,4.0,1286.4455817304552,35.867054266143114,4.59302330415899,0.019714355468629673,0.03796386718726828,0.01593017578115277,0.06042480468713119,0.10516357421810812,0.1242065429679919,0.03442382812478989,0.05975341796838529,0.4851074218720391,0.05731201171840019,0.1078995,0.1270255,4600.0,1023.2945519839778,0.055203469259200194,227.6373348087152,meningioma,Training
55.64739990234375,55.64739990234375,55.64739990234375,0.0,0.0,55.64739990234375,0.40576172,0.12664795,0.31951904,0.06341553,0.026855469,0.02154541,0.021057129,0.015197754,0.40576172,0.12664795,0.31951904,0.06341553,0.026855469,0.02154541,0.021057129,0.015197754,0.40576172,0.12664795,0.31951904,0.06341553,0.026855469,0.02154541,0.021057129,0.015197754,55.64739990234375,58.0,2992.7603777609766,54.70612742427466,6.187765033113314,0.04638671874971688,0.05761718749964833,0.038452148437265306,0.07574462890578769,0.16656494140523337,0.10491943359310962,0.04357910156223401,0.061767578124622996,0.3104858398418549,0.09448242187442332,0.12023997,0.11541285,7110.0,1686.9179643685907,0.03139724475013403,400.23800541624047,notumor,Training
30.813720703125,30.813720703125,30.813720703125,0.0,0.0,30.813720703125,0.7409668,0.041870117,0.045532227,0.07714844,0.06518555,0.006652832,0.0064697266,0.016174316,0.7409668,0.041870117,0.045532227,0.07714844,0.06518555,0.006652832,0.0064697266,0.016174316,0.7409668,0.041870117,0.045532227,0.07714844,0.06518555,0.006652832,0.0064697266,0.016174316,30.813720703125,0.0,3170.1780685782433,56.3043343675977,3.5165605444622026,0.019653320312380044,0.03356933593729511,0.015869140624903143,0.036621093749776484,0.08563232421822733,0.04791259765595756,0.021301269531119986,0.027770996093580497,0.6724853515583954,0.03918457031226084,0.08250326,0.12138847,3464.0,1228.5128060534576,0.02884219916635537,435.69391300154166,notumor,Testing
60.84722900390625,60.84722900390625,60.84722900390625,0.0,0.0,60.84722900390625,0.6057739,0.019592285,0.051940918,0.08831787,0.06573486,0.05126953,0.047790527,0.06958008,0.6057739,0.019592285,0.051940918,0.08831787,0.06573486,0.05126953,0.047790527,0.06958008,0.6057739,0.019592285,0.051940918,0.08831787,0.06573486,0.05126953,0.047790527,0.06958008,60.84722900390625,0.0,6923.975135143846,83.21042684149533,4.5891561006188155,0.02770996093733087,0.0426635742184896,0.024780273437348753,0.05566406249966025,0.09289550781193301,0.059936523437134175,0.033081054687298085,0.033691406249794366,0.568359374996531,0.06121826171837635,0.11519488,0.12044881,5585.0,1357.5788232314399,0.03808052540464577,329.99467525272354,notumor,Training
38.6646728515625,38.6646728515625,38.6646728515625,0.0,0.0,38.6646728515625,0.62390137,0.080200195,0.13769531,0.07110596,0.03857422,0.026489258,0.014709473,0.0073242188,0.62390137,0.080200195,0.13769531,0.07110596,0.03857422,0.026489258,0.014709473,0.0073242188,0.62390137,0.080200195,0.13769531,0.07110596,0.03857422,0.026489258,0.014709473,0.0073242188,38.6646728515625,2.0,3067.6840644925833,55.38667768058112,4.938981872852679,0.051940917968432976,0.05578613281215951,0.02270507812486142,0.028991699218573048,0.04302978515598736,0.054321289062168446,0.02313232421860881,0.04705810546846278,0.5277709960905287,0.14526367187411338,0.12477486,0.1104944,4664.0,2012.3931444750626,0.014472472980889437,868.2946329181455,notumor,Training
37.0179443359375,37.0179443359375,37.0179443359375,0.0,0.0,37.0179443359375,0.5744629,0.07312012,0.28796387,0.033996582,0.01184082,0.0073242188,0.005554199,0.0057373047,0.5744629,0.07312012,0.28796387,0.033996582,0.01184082,0.0073242188,0.005554199,0.0057373047,0.5744629,0.07312012,0.28796387,0.033996582,0.01184082,0.0073242188,0.005554199,0.0057373047,37.0179443359375,7.0,2063.3638137429953,45.424264592208814,5.10338674034101,0.04064941406225189,0.05004882812469452,0.027160644531084223,0.054565429687166954,0.10498046874935925,0.07714843749952913,0.03649902343727723,0.044616699218477676,0.4414062499973059,0.12292480468674973,0.114722304,0.12089901,5225.0,737.5300499961608,0.12070818475115261,104.10537313824678,notumor,Training
43.9454345703125,43.9454345703125,43.9454345703125,0.0,0.0,43.9454345703125,0.4036255,0.35925293,0.15216064,0.04425049,0.021057129,0.009643555,0.0076904297,0.002319336,0.4036255,0.35925293,0.15216064,0.04425049,0.021057129,0.009643555,0.0076904297,0.002319336,0.4036255,0.35925293,0.15216064,0.04425049,0.021057129,0.009643555,0.0076904297,0.002319336,43.9454345703125,45.0,1604.6856212466955,40.05852744730759,6.245247979175018,0.049682617187196756,0.06964111328082494,0.040100097656005244,0.07812499999952316,0.15148925781157538,0.13116455078044942,0.05426025390591882,0.07342529296830184,0.24609374999849795,0.1060180664056029,0.1356362,0.0968535,8528.0,1010.3300858899106,0.10498578122125879,119.69592899323571,notumor,Training
38.27117919921875,38.27117919921875,38.27117919921875,0.0,0.0,38.27117919921875,0.5414429,0.23522949,0.16467285,0.012451172,0.010131836,0.019165039,0.014038086,0.0028686523,0.5414429,0.23522949,0.16467285,0.012451172,0.010131836,0.019165039,0.014038086,0.0028686523,0.5414429,0.23522949,0.16467285,0.012451172,0.010131836,0.019165039,0.014038086,0.0028686523,38.27117919921875,19.0,1836.4152924083173,42.85341634465468,6.25964781687291,0.11138916015557013,0.09735107421815581,0.04394531249973178,0.05841064453089349,0.08636474609322287,0.07501220703079216,0.051086425780938194,0.09985351562439054,0.17388916015518865,0.20269775390501282,0.13824883,0.093086176,5673.0,1419.4509729575816,0.035381957290186034,355.1632407245241,notumor,Training
39.792724609375,40.62652587890625,43.18994140625,97.06280517578125,36.61785888671875,43.18994140625,0.47827148,0.31555176,0.12701416,0.051330566,0.011047363,0.007507324,0.0064697266,0.0028076172,0.4736328,0.3125,0.1328125,0.05291748,0.010864258,0.0078125,0.006591797,0.0028686523,0.46417236,0.3043213,0.14538574,0.056640625,0.01159668,0.0079956055,0.0067749023,0.003112793,40.6329345703125,39.0,1523.2395305484533,39.028701368972726,6.007889294870847,0.03656005859352685,0.05596923828090839,0.03894042968726232,0.0826416015619956,0.15612792968654707,0.14318847656162603,0.04571533203097097,0.05706787109340168,0.29089355468572453,0.09289550781193301,0.127463,0.10738232,7902.0,1732.1971849821691,0.033094226306961225,379.7148934016896,notumor,Training
88.0823974609375,88.0823974609375,88.0823974609375,0.0,0.0,88.0823974609375,0.2854004,0.036743164,0.20904541,0.19445801,0.12182617,0.082214355,0.047790527,0.022521973,0.2854004,0.036743164,0.20904541,0.19445801,0.12182617,0.082214355,0.047790527,0.022521973,0.2854004,0.036743164,0.20904541,0.19445801,0.12182617,0.082214355,0.047790527,0.022521973,88.0823974609375,91.0,4391.381394252181,66.26749877769781,7.005984580841533,0.037170410156023126,0.0593261718746379,0.05407714843716994,0.12158203124925791,0.2248535156236276,0.13507080078042558,0.06048583984338082,0.04846191406220421,0.18280029296763425,0.07617187499953508,0.14470297,0.08269721,10347.0,1347.343325219257,0.07162551583748937,175.4454466041253,notumor,Training
41.76123046875,41.76123046875,41.76123046875,0.0,0.0,41.76123046875,0.5643921,0.09698486,0.20202637,0.07366943,0.028625488,0.014465332,0.008361816,0.011474609,0.5643921,0.09698486,0.20202637,0.07366943,0.028625488,0.014465332,0.008361816,0.011474609,0.5643921,0.09698486,0.20202637,0.07366943,0.028625488,0.014465332,0.008361816,0.011474609,41.76123046875,12.0,2717.8594930171967,52.133094028814334,5.459471876005046,0.06402587890585922,0.06756591796833761,0.022521972656112537,0.03460693359353877,0.05535888671841211,0.04748535156221017,0.030883789062311498,0.06201171874962151,0.45989990234094297,0.15563964843655004,0.13129693,0.102659106,5795.0,2211.636831182708,0.014887976573183373,844.0616864614134,notumor,Training
103.0504150390625,103.0504150390625,103.0504150390625,0.0,0.0,103.0504150390625,0.012145996,0.284729,0.17364502,0.1828003,0.22198486,0.0625,0.022155762,0.040039062,0.012145996,0.284729,0.17364502,0.1828003,0.22198486,0.0625,0.022155762,0.040039062,0.012145996,0.284729,0.17364502,0.1828003,0.22198486,0.0625,0.022155762,0.040039062,103.0504150390625,99.0,3084.091818675399,55.534600193711654,7.1752187915254595,0.06481933593710437,0.08642578124947249,0.054565429687166954,0.11029052734307683,0.19586181640505454,0.1099853515618287,0.06658935546834356,0.08258056640574596,0.09277343749943376,0.13610839843666925,0.13536893,0.097226694,6703.0,1993.7890680742062,0.021189497735190858,593.0471203897079,notumor,Training
52.91680908203125,52.91680908203125,52.91680908203125,0.0,0.0,52.91680908203125,0.54119873,0.0413208,0.15985107,0.13757324,0.058898926,0.027770996,0.018676758,0.014709473,0.54119873,0.0413208,0.15985107,0.13757324,0.058898926,0.027770996,0.018676758,0.014709473,0.54119873,0.0413208,0.15985107,0.13757324,0.058898926,0.027770996,0.018676758,0.014709473,52.91680908203125,13.0,3738.7596197985113,61.145397372153134,6.11658056544557,0.030944824218561127,0.051635742187184835,0.032531738281051444,0.08581542968697622,0.16046142578027062,0.1466674804678548,0.05145263671843595,0.053894042968421055,0.3079833984356202,0.07861328124952018,0.12142052,0.1141702,5925.0,543.5229073212244,0.2520359623425893,49.85943473129388,notumor,Training
52.820556640625,52.820556640625,52.820556640625,0.0,0.0,52.820556640625,0.37878418,0.14459229,0.37261963,0.04547119,0.03149414,0.022521973,0.0045166016,0.0,0.37878418,0.14459229,0.37261963,0.04547119,0.03149414,0.022521973,0.0045166016,0.0,0.37878418,0.14459229,0.37261963,0.04547119,0.03149414,0.022521973,0.0045166016,0.0,52.820556640625,61.0,1879.7857932448387,43.35649655178378,6.572810452244444,0.046874999999713896,0.06738281249958873,0.04791259765595756,0.10455322265561186,0.22015380859240627,0.11779785156178102,0.0593261718746379,0.0624389648433689,0.16918945312396735,0.10437011718686297,0.1331967,0.10018192,7365.0,958.8031739553294,0.1006754754205225,124.82057384749676,notumor,Training
78.44012451171875,78.44012451171875,78.44012451171875,0.0,0.0,78.44012451171875,0.42645264,0.08508301,0.068603516,0.1027832,0.11968994,0.10046387,0.06854248,0.028381348,0.42645264,0.08508301,0.068603516,0.1027832,0.11968994,0.10046387,0.06854248,0.028381348,0.42645264,0.08508301,0.068603516,0.1027832,0.11968994,0.10046387,0.06854248,0.028381348,78.44012451171875,58.0,5856.075882699341,76.52500168375914,6.57287615571226,0.08728027343696727,0.077331542968278,0.03302001953104846,0.05169677734343447,0.08050537109325863,0.05267333984342851,0.03546142578103356,0.07672119140578172,0.35455322265408595,0.15075683593657985,0.14025134,0.09004078,7204.0,3036.2846301849604,0.00981970872567013,1279.7090998747115,notumor,Training
83.82855224609375,83.82855224609375,83.82855224609375,0.0,0.0,83.82855224609375,0.36413574,0.056640625,0.116760254,0.1237793,0.15008545,0.123046875,0.064453125,0.0010986328,0.36413574,0.056640625,0.116760254,0.1237793,0.15008545,0.123046875,0.064453125,0.0010986328,0.36413574,0.056640625,0.116760254,0.1237793,0.15008545,0.123046875,0.064453125,0.0010986328,83.82855224609375,85.0,5096.638879593462,71.39074785708202,6.690129266617668,0.03424072265604101,0.05426025390591882,0.040832519531000776,0.10174560546812898,0.22406005859238243,0.11071777343682422,0.049133300780950115,0.0482177734372057,0.2664184570296239,0.07037353515582047,0.13690436,0.09505249,7250.0,1265.337228564847,0.05690301769797494,220.83838648167833,notumor,Training
59.81634521484375,59.81634521484375,59.81634521484375,0.0,0.0,59.81634521484375,0.65582275,0.03753662,0.028930664,0.031799316,0.045043945,0.04272461,0.046447754,0.111694336,0.65582275,0.03753662,0.028930664,0.031799316,0.045043945,0.04272461,0.046447754,0.111694336,0.65582275,0.03753662,0.028930664,0.031799316,0.045043945,0.04272461,0.046447754,0.111694336,59.81634521484375,0.0,8046.5224842987955,89.70241069390943,4.5189288639436676,0.030700683593562615,0.03851318359351493,0.022583007812362162,0.05926513671838827,0.09680175781190917,0.0637817382808607,0.029052734374822677,0.031982421874804795,0.5699462890590213,0.05737304687464982,0.11492903,0.11833091,4372.0,1595.8824304626578,0.021571891653337713,582.5344766375572,notumor,Training
31.39703369140625,31.39703369140625,31.39703369140625,0.0,0.0,31.39703369140625,0.59661865,0.11773682,0.23510742,0.024230957,0.017700195,0.008117676,0.00048828125,0.0,0.59661865,0.11773682,0.23510742,0.024230957,0.017700195,0.008117676,0.00048828125,0.0,0.59661865,0.11773682,0.23510742,0.024230957,0.017700195,0.008117676,0.00048828125,0.0,31.39703369140625,4.0,1565.569598134607,39.56727938757739,4.904697426435061,0.034790039062287656,0.05407714843716994,0.02362060546860583,0.06256103515586815,0.12988281249920725,0.095520019530667,0.04479980468722656,0.05859374999964237,0.4001464843725577,0.09600830078066401,0.1112074,0.12413981,6241.0,1105.4722215136417,0.064175369599533,195.8129839029492,notumor,Testing
60.1700439453125,60.1700439453125,60.1700439453125,0.0,0.0,60.1700439453125,0.5640259,0.028808594,0.08123779,0.11401367,0.09185791,0.05029297,0.028686523,0.04107666,0.5640259,0.028808594,0.08123779,0.11401367,0.09185791,0.05029297,0.028686523,0.04107666,0.5640259,0.028808594,0.08123779,0.11401367,0.09185791,0.05029297,0.028686523,0.04107666,60.1700439453125,6.5,5505.441421970725,74.19866186105195,5.2471226280837895,0.034790039062287656,0.04626464843721762,0.03057861328106336,0.06658935546834356,0.11895751953052394,0.10314941406187042,0.035034179687286164,0.04248046874974072,0.45166015624724326,0.07049560546831972,0.11512509,0.120515525,6428.0,1294.916918348064,0.048172803548949414,260.86027153454364,notumor,Testing
35.42431640625,35.42431640625,35.42431640625,0.0,0.0,35.42431640625,0.48614502,0.3633423,0.09423828,0.02923584,0.018615723,0.0073242188,0.0010986328,0.0,0.48614502,0.3633423,0.09423828,0.02923584,0.018615723,0.0073242188,0.0010986328,0.0,0.48614502,0.3633423,0.09423828,0.02923584,0.018615723,0.0073242188,0.0010986328,0.0,35.42431640625,35.0,1306.0825288295746,36.1397638181211,5.458537880238159,0.05474853515591584,0.0626831054683674,0.0333251953122966,0.06213378906212076,0.12896728515546285,0.08129882812450379,0.04315185546848662,0.06011962890588306,0.367980957029004,0.10559082031185552,0.1210771,0.11453433,8167.0,2115.647978471002,0.022929025902129994,548.0551449502187,notumor,Training
87.17034912109375,87.17034912109375,87.17034912109375,0.0,0.0,87.17034912109375,0.48272705,0.054138184,0.03869629,0.034179688,0.15130615,0.17346191,0.031555176,0.033935547,0.48272705,0.054138184,0.03869629,0.034179688,0.15130615,0.17346191,0.031555176,0.033935547,0.48272705,0.054138184,0.03869629,0.034179688,0.15130615,0.17346191,0.031555176,0.033935547,87.17034912109375,40.0,5311.958713110536,72.8831853935497,6.545065142226151,0.08142089843700304,0.08837890624946057,0.04541015624972284,0.07983398437451272,0.14233398437413125,0.0964355468744114,0.05926513671838827,0.09167480468694046,0.14215087890538236,0.1730957031239435,0.1231284,0.11232619,6872.0,1193.5138520739843,0.06062309254988374,207.28686191683357,notumor,Training
47.64013671875,47.64013671875,47.64013671875,0.0,0.0,47.64013671875,0.38909912,0.22247314,0.2598877,0.099975586,0.016174316,0.009521484,0.0026245117,0.00024414062,0.38909912,0.22247314,0.2598877,0.099975586,0.016174316,0.009521484,0.0026245117,0.00024414062,0.38909912,0.22247314,0.2598877,0.099975586,0.016174316,0.009521484,0.0026245117,0.00024414062,47.64013671875,48.0,1814.842666387558,42.60097025171561,5.804365274292485,0.024963378906097636,0.046142578124718364,0.029846191406067833,0.08300781249949336,0.22027587890490552,0.11468505859305002,0.04797363281220719,0.04193115234349407,0.3110961914043512,0.08007812499951124,0.12435407,0.11096776,8416.0,1694.4398256692887,0.03683522186052275,341.15094139902203,notumor,Training
46.788818359375,46.788818359375,46.788818359375,0.0,0.0,46.788818359375,0.40441895,0.20019531,0.25238037,0.14276123,0.00024414062,0.0,0.0,0.0,0.40441895,0.20019531,0.25238037,0.14276123,0.00024414062,0.0,0.0,0.0,0.40441895,0.20019531,0.25238037,0.14276123,0.00024414062,0.0,0.0,0.0,46.788818359375,48.0,1573.5707587599754,39.6682588319676,6.064472529575592,0.036010742187280204,0.05340576171842403,0.04077148437475115,0.09936523437439351,0.21014404296746736,0.1148681640617989,0.051513671874685585,0.051940917968432976,0.26452636718588546,0.07745361328077725,0.13897339,0.09200096,7211.0,1277.337228564847,0.05553850939016585,226.26409589207103,notumor,Training
84.16949462890625,84.16949462890625,84.16949462890625,0.0,0.0,84.16949462890625,0.49249268,0.05090332,0.03387451,0.11010742,0.14251709,0.08862305,0.04425049,0.037231445,0.49249268,0.05090332,0.03387451,0.11010742,0.14251709,0.08862305,0.04425049,0.037231445,0.49249268,0.05090332,0.03387451,0.11010742,0.14251709,0.08862305,0.04425049,0.037231445,84.16949462890625,35.0,4669.702777918428,68.33522355212155,5.974092189051364,0.03558349609353281,0.05206298828093223,0.032958984374798835,0.07080078124956786,0.1333007812491864,0.1539916992178101,0.04565429687472135,0.055603027343410626,0.33850097656043393,0.0815429687495023,0.12124936,0.11435195,6920.0,1161.122979108724,0.06449997086332403,194.8275393951327,notumor,Testing
41.9520263671875,41.95977783203125,41.95977783203125,0.6976318359375,0.98956298828125,41.95977783203125,0.6044922,0.072631836,0.11907959,0.08782959,0.08905029,0.007080078,0.0068969727,0.012939453,0.6044922,0.072631836,0.11907959,0.08782959,0.08905029,0.007080078,0.0068969727,0.012939453,0.6044922,0.072631836,0.11907959,0.08782959,0.08905029,0.007080078,0.0068969727,0.012939453,41.95977783203125,0.0,3318.438628759235,57.605890573440796,4.553632801721118,0.025695800781093164,0.037475585937271266,0.023010253906109557,0.054626464843416586,0.1312866210929487,0.06201171874962151,0.024841308593598378,0.030029296874816716,0.5423583984341896,0.0686645507808309,0.10994011,0.12526351,4506.0,1154.5199487283942,0.042481336208450994,295.80921260803683,notumor,Training
32.4901123046875,32.4901123046875,32.4901123046875,0.0,0.0,32.4901123046875,0.666626,0.087890625,0.12072754,0.06591797,0.02746582,0.016540527,0.00970459,0.005126953,0.666626,0.087890625,0.12072754,0.06591797,0.02746582,0.016540527,0.00970459,0.005126953,0.666626,0.087890625,0.12072754,0.06591797,0.02746582,0.016540527,0.00970459,0.005126953,32.4901123046875,1.0,2501.0963377803564,50.01096217611051,4.660472528106062,0.05407714843716994,0.054199218749669195,0.020874023437372595,0.027099609374834598,0.037719726562269774,0.050964355468438936,0.02722167968733385,0.05242919921842999,0.5849609374964296,0.09045410156194791,0.12951471,0.10489861,4517.0,1761.061146012848,0.01830252816083839,686.5920655293526,notumor,Training
87.203125,87.203125,87.203125,0.0,0.0,87.203125,0.4831543,0.054138184,0.037841797,0.03491211,0.15142822,0.17272949,0.031433105,0.034362793,0.4831543,0.054138184,0.037841797,0.03491211,0.15142822,0.17272949,0.031433105,0.034362793,0.4831543,0.054138184,0.037841797,0.03491211,0.15142822,0.17272949,0.031433105,0.034362793,87.203125,39.0,5326.0650634765625,72.97989492645603,6.533857640756461,0.07702636718702986,0.09167480468694046,0.044738769530976934,0.08032226562450975,0.14147949218663647,0.1019897460931275,0.05541992187466174,0.09149169921819157,0.14276123046787864,0.1730957031239435,0.12310731,0.112349324,6872.0,1186.4427842621187,0.06134785975650343,204.8379627950594,notumor,Testing
57.75531005859375,57.75531005859375,57.75531005859375,0.0,0.0,57.75531005859375,0.56018066,0.05340576,0.060791016,0.1418457,0.09863281,0.04321289,0.020629883,0.02130127,0.56018066,0.05340576,0.060791016,0.1418457,0.09863281,0.04321289,0.020629883,0.02130127,0.56018066,0.05340576,0.060791016,0.1418457,0.09863281,0.04321289,0.020629883,0.02130127,57.75531005859375,15.0,4416.021242555231,66.45315073459821,6.364595060683114,0.07324218749955297,0.07983398437451272,0.04028320312475413,0.05603027343715802,0.07788085937452464,0.0795288085932646,0.04327392578098588,0.07604980468703583,0.32470703124801814,0.14916992187408953,0.1382005,0.09315792,5628.0,1192.1940469205897,0.049758817961294506,252.54560154813313,notumor,Training
87.64581298828125,87.64581298828125,87.64581298828125,0.0,0.0,87.64581298828125,0.4046631,0.039978027,0.066101074,0.11505127,0.14312744,0.1270752,0.060791016,0.04321289,0.4046631,0.039978027,0.066101074,0.11505127,0.14312744,0.1270752,0.060791016,0.04321289,0.4046631,0.039978027,0.066101074,0.11505127,0.14312744,0.1270752,0.060791016,0.04321289,87.64581298828125,91.0,6226.192971970886,78.90622898080281,6.947000762413977,0.0784301757807713,0.09167480468694046,0.0395507812497586,0.06201171874962151,0.10455322265561186,0.11199951171806641,0.052246093749681116,0.08624267578072362,0.21209716796745545,0.16119384765526615,0.14191854,0.087389395,7837.0,2608.3597026101825,0.01447520579128048,868.1307053975603,notumor,Testing
87.745849609375,87.745849609375,87.745849609375,0.0,0.0,87.745849609375,0.40509033,0.0390625,0.066101074,0.11785889,0.14111328,0.12841797,0.059387207,0.04296875,0.40509033,0.0390625,0.066101074,0.11785889,0.14111328,0.12841797,0.059387207,0.04296875,0.40509033,0.0390625,0.066101074,0.11785889,0.14111328,0.12841797,0.059387207,0.04296875,87.745849609375,91.0,6175.624860703945,78.5851440203805,7.016457464487887,0.08001708984326161,0.09570312499941587,0.03613281249977946,0.06427001953085773,0.10327148437436967,0.10040283203063718,0.0551147460934136,0.09027099609319902,0.1973266601550456,0.17749023437391667,0.14255352,0.08634969,7818.0,2650.4013331705255,0.013985636858741286,898.5197271517138,notumor,Training
52.820556640625,52.820556640625,52.820556640625,0.0,0.0,52.820556640625,0.37878418,0.14459229,0.37261963,0.04547119,0.03149414,0.022521973,0.0045166016,0.0,0.37878418,0.14459229,0.37261963,0.04547119,0.03149414,0.022521973,0.0045166016,0.0,0.37878418,0.14459229,0.37261963,0.04547119,0.03149414,0.022521973,0.0045166016,0.0,52.820556640625,61.0,1879.7857932448387,43.35649655178378,6.572810452244444,0.046874999999713896,0.06738281249958873,0.04791259765595756,0.10455322265561186,0.22015380859240627,0.11779785156178102,0.0593261718746379,0.0624389648433689,0.16918945312396735,0.10437011718686297,0.1331967,0.10018192,7365.0,958.8031739553294,0.1006754754205225,124.82057384749676,notumor,Training
59.29071044921875,59.29071044921875,59.29071044921875,0.0,0.0,59.29071044921875,0.2397461,0.2420044,0.40686035,0.06793213,0.03161621,0.010437012,0.0013427734,6.1035156e-05,0.2397461,0.2420044,0.40686035,0.06793213,0.03161621,0.010437012,0.0013427734,6.1035156e-05,0.2397461,0.2420044,0.40686035,0.06793213,0.03161621,0.010437012,0.0013427734,6.1035156e-05,59.29071044921875,65.0,1305.4613248370588,36.131168329256376,6.832358558738165,0.09252929687443524,0.09069824218694642,0.05889892578089051,0.0839843749994874,0.13958740234289801,0.09179687499943971,0.05773925781214759,0.08947753906195387,0.12493896484298743,0.17034912109271028,0.14270689,0.08609599,8414.0,2374.707898994574,0.018749598748102024,670.2207755582629,pituitary,Training
59.5665283203125,59.5665283203125,59.5665283203125,0.0,0.0,59.5665283203125,0.29516602,0.17608643,0.38861084,0.083862305,0.029968262,0.017456055,0.008239746,0.00061035156,0.29516602,0.17608643,0.38861084,0.083862305,0.029968262,0.017456055,0.008239746,0.00061035156,0.29516602,0.17608643,0.38861084,0.083862305,0.029968262,0.017456055,0.008239746,0.00061035156,59.5665283203125,66.0,1886.8864431232214,43.43830617235462,6.696427962737133,0.051208496093437444,0.07202148437456041,0.05017089843719378,0.09936523437439351,0.19384765624881684,0.12316894531174823,0.06512451171835251,0.08349609374949038,0.13470458984292782,0.1268920898429755,0.1307483,0.10335694,10258.0,2050.2215715998086,0.030666976570894993,409.7688138675365,pituitary,Training
63.26446533203125,63.26446533203125,63.26446533203125,0.0,0.0,63.26446533203125,0.24017334,0.16314697,0.44976807,0.08782959,0.04559326,0.012512207,0.0009765625,0.0,0.24017334,0.16314697,0.44976807,0.08782959,0.04559326,0.012512207,0.0009765625,0.0,0.24017334,0.16314697,0.44976807,0.08782959,0.04559326,0.012512207,0.0009765625,0.0,63.26446533203125,70.0,1427.5314374826849,37.78268700718207,6.667984347159846,0.06146240234337486,0.07672119140578172,0.05523681640591286,0.10021972656188831,0.2055664062487453,0.1250610351554867,0.06964111328082494,0.07922363281201646,0.09179687499943971,0.13507080078042558,0.13864967,0.09248807,10975.0,1862.6469324504749,0.03975148066331096,316.12333439336345,pituitary,Training
52.904296875,52.904296875,52.904296875,0.0,0.0,52.904296875,0.3616333,0.22167969,0.29608154,0.066833496,0.043395996,0.009399414,0.0009765625,0.0,0.3616333,0.22167969,0.29608154,0.066833496,0.043395996,0.009399414,0.0009765625,0.0,0.3616333,0.22167969,0.29608154,0.066833496,0.043395996,0.009399414,0.0009765625,0.0,52.904296875,52.0,1581.0540733337402,39.762470664355604,6.8122619006557175,0.06304931640586517,0.07757568359327652,0.048583984374703466,0.08789062499946355,0.17462158203018419,0.11669921874928772,0.05731201171840019,0.07647705078078322,0.16613769531148598,0.13165283203044645,0.13840073,0.09286019,8047.0,2333.3525599352465,0.018573046140535416,676.5917943278698,pituitary,Testing
42.217041015625,42.217041015625,42.217041015625,0.0,0.0,42.217041015625,0.4862671,0.16119385,0.2501831,0.06750488,0.021911621,0.009765625,0.0031738281,0.0,0.4862671,0.16119385,0.2501831,0.06750488,0.021911621,0.009765625,0.0031738281,0.0,0.4862671,0.16119385,0.2501831,0.06750488,0.021911621,0.009765625,0.0031738281,0.0,42.217041015625,37.0,1712.5920533537865,41.38347560746664,5.899556094263658,0.06225585937462002,0.08068847656200752,0.03540039062478393,0.06573486328084878,0.11633300781178996,0.10870361328058652,0.05810546874964535,0.08569335937447696,0.24078369140478037,0.14630126953035705,0.12862404,0.10598884,7883.0,1634.8651865199547,0.03706273793628957,339.0567268926711,pituitary,Training
33.50146484375,33.50146484375,33.50146484375,0.0,0.0,33.50146484375,0.5115967,0.3897705,0.05883789,0.034240723,0.0053710938,0.00012207031,6.1035156e-05,0.0,0.5115967,0.3897705,0.05883789,0.034240723,0.0053710938,0.00012207031,6.1035156e-05,0.0,0.5115967,0.3897705,0.05883789,0.034240723,0.0053710938,0.00012207031,6.1035156e-05,0.0,33.50146484375,30.0,780.9335916042328,27.945189060091057,6.003319553924701,0.06787109374958575,0.07708740234327949,0.04412841796848066,0.08337402343699112,0.12811279296796804,0.12097167968676165,0.0668945312495917,0.09771728515565357,0.15618896484279668,0.15765380859278774,0.13554008,0.09698796,6977.0,2016.5525240414966,0.021560533867517283,582.8413476018533,pituitary,Testing
46.08441162109375,46.08441162109375,46.08441162109375,0.0,0.0,46.08441162109375,0.38745117,0.3040161,0.23724365,0.04248047,0.011047363,0.007751465,0.009094238,0.00091552734,0.38745117,0.3040161,0.23724365,0.04248047,0.011047363,0.007751465,0.009094238,0.00091552734,0.38745117,0.3040161,0.23724365,0.04248047,0.011047363,0.007751465,0.009094238,0.00091552734,46.08441162109375,53.0,1448.2446446977556,38.05580960507549,6.401398308829812,0.09075927734319604,0.0908813476556953,0.04583740234347023,0.06384277343711033,0.11108398437432199,0.09051513671819754,0.05041503906219229,0.08685302734321988,0.20007324218627884,0.169738769530214,0.14309952,0.08544184,9294.0,2138.660171779821,0.025534594699477386,492.131195433322,pituitary,Testing
48.55364990234375,48.55364990234375,48.55364990234375,0.0,0.0,48.55364990234375,0.43450928,0.17962646,0.24993896,0.06854248,0.039367676,0.022033691,0.0059814453,0.0,0.43450928,0.17962646,0.24993896,0.06854248,0.039367676,0.022033691,0.0059814453,0.0,0.43450928,0.17962646,0.24993896,0.06854248,0.039367676,0.022033691,0.0059814453,0.0,48.55364990234375,50.0,2063.5098170004785,45.425871670233015,6.268125724454166,0.061645507812123745,0.07257080078080706,0.037719726562269774,0.07281494140580556,0.13562011718667225,0.11669921874928772,0.05987548828088455,0.08520507812447994,0.2210693359361507,0.13677978515541517,0.12917888,0.10531189,8267.0,1966.6357851621817,0.026860242354145854,467.84278595384916,pituitary,Testing
52.46807861328125,52.46807861328125,52.46807861328125,0.0,0.0,52.46807861328125,0.31329346,0.28704834,0.3017578,0.0501709,0.02508545,0.0146484375,0.007446289,0.0005493164,0.31329346,0.28704834,0.3017578,0.0501709,0.02508545,0.0146484375,0.007446289,0.0005493164,0.31329346,0.28704834,0.3017578,0.0501709,0.02508545,0.0146484375,0.007446289,0.0005493164,52.46807861328125,57.0,1612.969928290695,40.161796875771074,6.614938585471771,0.046874999999713896,0.07965087890576385,0.04846191406220421,0.10052490234313644,0.1822509765613876,0.13494873046792633,0.0717773437495619,0.08337402343699112,0.1355590820304226,0.11657714843678846,0.13242921,0.10119427,9669.0,2031.3098833543775,0.02944686471311906,426.7473205308899,pituitary,Training
55.29364013671875,55.29364013671875,55.29364013671875,0.0,0.0,55.29364013671875,0.37609863,0.13812256,0.3590088,0.074279785,0.034362793,0.013671875,0.004333496,0.00012207031,0.37609863,0.13812256,0.3590088,0.074279785,0.034362793,0.013671875,0.004333496,0.00012207031,0.37609863,0.13812256,0.3590088,0.074279785,0.034362793,0.013671875,0.004333496,0.00012207031,55.29364013671875,61.0,1898.7494077943265,43.57464179765941,6.340582504485352,0.07458496093704477,0.08618164062447399,0.046142578124718364,0.07763671874952614,0.13104248046795017,0.1051025390618585,0.06329345703086368,0.0964355468744114,0.14947509765533767,0.17010498046771175,0.13294652,0.100513674,8949.0,1875.3920984545362,0.03197423837203985,393.0154791536159,pituitary,Training
40.71270751953125,40.71270751953125,40.71270751953125,0.0,0.0,40.71270751953125,0.4175415,0.41271973,0.12109375,0.02319336,0.019714355,0.0057373047,0.0,0.0,0.4175415,0.41271973,0.12109375,0.02319336,0.019714355,0.0057373047,0.0,0.0,0.4175415,0.41271973,0.12109375,0.02319336,0.019714355,0.0057373047,0.0,0.0,40.71270751953125,45.0,1074.6542184017599,32.78191907746952,6.060625843503145,0.06317138671836443,0.0793457031245157,0.04077148437475115,0.07922363281201646,0.15496826171780415,0.12005615234301723,0.060668945312129706,0.0933227539056804,0.1652832031239912,0.14318847656162603,0.12891728,0.105631985,8807.0,2009.4103884177657,0.02740946596498597,458.4682762667465,pituitary,Training
53.72576904296875,53.72576904296875,53.72576904296875,0.0,0.0,53.72576904296875,0.378479,0.18109131,0.30426025,0.07196045,0.05279541,0.00970459,0.0017089844,0.0,0.378479,0.18109131,0.30426025,0.07196045,0.05279541,0.00970459,0.0017089844,0.0,0.378479,0.18109131,0.30426025,0.07196045,0.05279541,0.00970459,0.0017089844,0.0,53.72576904296875,55.0,1817.7692187689245,42.63530483963876,6.748032123038962,0.06298828124961554,0.07678222656203136,0.044616699218477676,0.0826416015619956,0.1762084960926745,0.11401367187430411,0.05603027343715802,0.07849121093702092,0.176452636717673,0.1317749023429457,0.13414659,0.09890637,8465.0,2171.003317530329,0.02256918374163433,556.7933142029171,pituitary,Training
60.94256591796875,60.94256591796875,60.94256591796875,0.0,0.0,60.94256591796875,0.23962402,0.22460938,0.4293213,0.06585693,0.023803711,0.007751465,0.006164551,0.0028686523,0.23962402,0.22460938,0.4293213,0.06585693,0.023803711,0.007751465,0.006164551,0.0028686523,0.23962402,0.22460938,0.4293213,0.06585693,0.023803711,0.007751465,0.006164551,0.0028686523,60.94256591796875,67.0,1502.0106783770025,38.75578251534863,6.7596200936507005,0.04846191406220421,0.07098388671831675,0.05084228515593968,0.10107421874938309,0.21337890624869763,0.14434814453036895,0.06817626953083389,0.07672119140578172,0.11010742187432795,0.11590576171804257,0.1309146,0.103146225,9749.0,2283.174890405583,0.023501283163139212,534.7099784776434,pituitary,Training
55.782958984375,55.782958984375,55.782958984375,0.0,0.0,55.782958984375,0.31420898,0.25854492,0.31762695,0.060180664,0.021850586,0.018371582,0.008972168,0.00024414062,0.31420898,0.25854492,0.31762695,0.060180664,0.021850586,0.018371582,0.008972168,0.00024414062,0.31420898,0.25854492,0.31762695,0.060180664,0.021850586,0.018371582,0.008972168,0.00024414062,55.782958984375,57.0,1573.346081674099,39.66542678043562,6.898499542559619,0.06964111328082494,0.08184814453075044,0.05743408203089945,0.09588623046816475,0.1762084960926745,0.11950683593677058,0.06481933593710437,0.08502197265573107,0.10913085937433391,0.14050292968664244,0.1401961,0.09012676,8671.0,2740.822689407835,0.014504981142157184,866.3486350793214,pituitary,Training
45.88372802734375,45.88372802734375,45.88372802734375,0.0,0.0,45.88372802734375,0.4286499,0.19946289,0.26409912,0.07885742,0.026550293,0.0021362305,0.00018310547,6.1035156e-05,0.4286499,0.19946289,0.26409912,0.07885742,0.026550293,0.0021362305,0.00018310547,6.1035156e-05,0.4286499,0.19946289,0.26409912,0.07885742,0.026550293,0.0021362305,0.00018310547,6.1035156e-05,45.88372802734375,49.0,1454.1886903010309,38.13382606428354,6.395348324660112,0.06622314453084581,0.07800292968702391,0.04296874999973774,0.07373046874954998,0.14849853515534364,0.11853027343677654,0.05554199218716099,0.08197021484324969,0.19366455078006795,0.1408691406241402,0.13365747,0.099566355,8571.0,1879.4875528840407,0.030490352924429955,412.14251096091937,pituitary,Training
47.41717529296875,47.41717529296875,47.41717529296875,0.0,0.0,47.41717529296875,0.41687012,0.23876953,0.22381592,0.064453125,0.0390625,0.013549805,0.0033569336,0.00012207031,0.41687012,0.23876953,0.22381592,0.064453125,0.0390625,0.013549805,0.0033569336,0.00012207031,0.41687012,0.23876953,0.22381592,0.064453125,0.0390625,0.013549805,0.0033569336,0.00012207031,47.41717529296875,45.0,1747.7931888960302,41.8066165683858,6.4293914574687125,0.05255126953092925,0.0690917968745783,0.03515624999978542,0.08203124999949932,0.17187499999895095,0.12860107421796507,0.05749511718714907,0.08245849609324671,0.20660400390498898,0.11413574218680336,0.12946403,0.104961134,7216.0,2050.35761056913,0.021569851708809356,582.5895691821995,pituitary,Training
39.06085205078125,39.06085205078125,39.06085205078125,0.0,0.0,39.06085205078125,0.576416,0.117614746,0.15460205,0.08392334,0.060913086,0.00592041,0.00061035156,0.0,0.576416,0.117614746,0.15460205,0.08392334,0.060913086,0.00592041,0.00061035156,0.0,0.576416,0.117614746,0.15460205,0.08392334,0.060913086,0.00592041,0.00061035156,0.0,39.06085205078125,8.0,2173.791279938072,46.623934625233765,5.670335725894132,0.037597656249770524,0.0499877929684449,0.03344726562479585,0.06896972656207905,0.12414550781174227,0.11395263671805449,0.04364013671848364,0.05902099609338976,0.38940429687262323,0.07983398437451272,0.13226551,0.10140815,5959.0,1746.2915933911474,0.024555553211913862,511.7526982964579,pituitary,Training
39.28448486328125,39.28448486328125,39.28448486328125,0.0,0.0,39.28448486328125,0.47454834,0.34796143,0.09313965,0.05895996,0.020996094,0.004333496,6.1035156e-05,0.0,0.47454834,0.34796143,0.09313965,0.05895996,0.020996094,0.004333496,6.1035156e-05,0.0,0.47454834,0.34796143,0.09313965,0.05895996,0.020996094,0.004333496,6.1035156e-05,0.0,39.28448486328125,39.0,1320.61834814772,36.340312989127106,5.9792768446027456,0.058532714843392744,0.07238769531205817,0.036193847656029086,0.07348632812455147,0.13983154296789652,0.12835693359296657,0.059509277343386784,0.08856201171820946,0.21307373046744948,0.13006591796795614,0.12886548,0.10569516,8085.0,1715.2854967367377,0.034531628275302206,363.9090086970188,pituitary,Training
54.28814697265625,54.28814697265625,54.28814697265625,0.0,0.0,54.28814697265625,0.32696533,0.17504883,0.3959961,0.06500244,0.023132324,0.0115356445,0.0021362305,0.00018310547,0.32696533,0.17504883,0.3959961,0.06500244,0.023132324,0.0115356445,0.0021362305,0.00018310547,0.32696533,0.17504883,0.3959961,0.06500244,0.023132324,0.0115356445,0.0021362305,0.00018310547,54.28814697265625,63.0,1606.4940587244928,40.08109353204442,6.466946117730128,0.04150390624974668,0.0659790039058473,0.0433349609372355,0.10736083984309472,0.19323730468632055,0.14251708984288014,0.06787109374958575,0.08129882812450379,0.1417846679678846,0.11511230468679741,0.12623447,0.10882387,9990.0,1785.2915933911477,0.03938737449121316,319.0456529963066,pituitary,Training
58.77484130859375,58.77484130859375,58.77484130859375,0.0,0.0,58.77484130859375,0.34301758,0.144104,0.3729248,0.07849121,0.032287598,0.015930176,0.012817383,0.0004272461,0.34301758,0.144104,0.3729248,0.07849121,0.032287598,0.015930176,0.012817383,0.0004272461,0.34301758,0.144104,0.3729248,0.07849121,0.032287598,0.015930176,0.012817383,0.0004272461,58.77484130859375,65.0,2079.8832024894655,45.60573650857385,6.690573341247434,0.04864501953095309,0.06982421874957383,0.045593261718471716,0.10559082031185552,0.20251464843626393,0.13598632812417,0.0657958984370984,0.08197021484324969,0.1289062499992132,0.11517333984304703,0.1273025,0.10757254,9491.0,1996.7535341682733,0.029913891482144565,420.08478308012747,pituitary,Training
48.636962890625,48.636962890625,48.636962890625,0.0,0.0,48.636962890625,0.4124756,0.19671631,0.29229736,0.061035156,0.02508545,0.00982666,0.0021972656,0.00036621094,0.4124756,0.19671631,0.29229736,0.061035156,0.02508545,0.00982666,0.0021972656,0.00036621094,0.4124756,0.19671631,0.29229736,0.061035156,0.02508545,0.00982666,0.0021972656,0.00036621094,48.636962890625,47.0,1622.0397128462791,40.27455416073875,6.533236882797223,0.06384277343711033,0.07336425781205222,0.04382324218723252,0.08300781249949336,0.15417480468655897,0.11761474609303213,0.057006835937152056,0.08129882812450379,0.18914794921759553,0.13671874999916553,0.13700716,0.09490424,7876.0,2100.156600442353,0.022439450224830567,560.0124106629737,pituitary,Training
51.54864501953125,51.54864501953125,51.54864501953125,0.0,0.0,51.54864501953125,0.37426758,0.20587158,0.31414795,0.055664062,0.035888672,0.010803223,0.0032958984,6.1035156e-05,0.37426758,0.20587158,0.31414795,0.055664062,0.035888672,0.010803223,0.0032958984,6.1035156e-05,0.37426758,0.20587158,0.31414795,0.055664062,0.035888672,0.010803223,0.0032958984,6.1035156e-05,51.54864501953125,54.0,1701.7344500683248,41.25208419059969,6.529679136513631,0.06420898437460809,0.07629394531203433,0.04809570312470644,0.08355712890574,0.1466064453116052,0.11181640624931752,0.06085205078087859,0.08142089843700304,0.18615722656136377,0.14099121093663944,0.13269474,0.10084586,8662.0,2101.257105505741,0.024652993053569203,509.73001886843275,pituitary,Training
77.46905517578125,77.46905517578125,77.46905517578125,0.0,0.0,77.46905517578125,0.25372314,0.16760254,0.15594482,0.26385498,0.114746094,0.030395508,0.0126953125,0.0010375977,0.25372314,0.16760254,0.15594482,0.26385498,0.114746094,0.030395508,0.0126953125,0.0010375977,0.25372314,0.16760254,0.15594482,0.26385498,0.114746094,0.030395508,0.0126953125,0.0010375977,77.46905517578125,86.0,2544.8407172225416,50.44641431482065,7.338933357447027,0.0908813476556953,0.09301757812443226,0.06030273437463194,0.08752441406196579,0.1424560546866305,0.08978271484320201,0.058227539062144604,0.09558105468691662,0.11199951171806641,0.170227050780211,0.1470669,0.078416206,7417.0,798.1391770309007,0.14631231613473106,85.88730563726081,pituitary,Training
62.27471923828125,62.27471923828125,62.27471923828125,0.0,0.0,62.27471923828125,0.2822876,0.30511475,0.20074463,0.096191406,0.07141113,0.038146973,0.0056152344,0.00048828125,0.2822876,0.30511475,0.20074463,0.096191406,0.07141113,0.038146973,0.0056152344,0.00048828125,0.2822876,0.30511475,0.20074463,0.096191406,0.07141113,0.038146973,0.0056152344,0.00048828125,62.27471923828125,58.0,2194.9595024846494,46.85039490212062,6.927460421910039,0.07769775390577577,0.07983398437451272,0.04669189453096501,0.08239746093699708,0.13348388671793526,0.10040283203063718,0.06054687499963045,0.07861328124952018,0.18548583984261788,0.1548461914053049,0.13994093,0.09052244,1748.0,603.1503243191939,0.06038098048543194,208.118028447568,pituitary,Training
38.82781982421875,38.82781982421875,38.82781982421875,0.0,0.0,38.82781982421875,0.49395752,0.29852295,0.12261963,0.053222656,0.0234375,0.007446289,0.00079345703,0.0,0.49395752,0.29852295,0.12261963,0.053222656,0.0234375,0.007446289,0.00079345703,0.0,0.49395752,0.29852295,0.12261963,0.053222656,0.0234375,0.007446289,0.00079345703,0.0,38.82781982421875,34.0,1433.2826708815992,37.85871987906616,5.921884649721908,0.05920410156213864,0.07562255859328844,0.035339355468534304,0.06805419921833462,0.12829589843671693,0.11700439453053586,0.05926513671838827,0.08923339843695535,0.22698974609236455,0.14099121093663944,0.12803799,0.10669606,7726.0,1784.3271272970803,0.03049408535067596,412.0920653906615,pituitary,Training
43.1058349609375,43.1058349609375,43.1058349609375,0.0,0.0,43.1058349609375,0.3447876,0.47973633,0.12695312,0.029907227,0.012512207,0.0053710938,0.0007324219,0.0,0.3447876,0.47973633,0.12695312,0.029907227,0.012512207,0.0053710938,0.0007324219,0.0,0.3447876,0.47973633,0.12695312,0.029907227,0.012512207,0.0053710938,0.0007324219,0.0,43.1058349609375,44.0,935.2251270860434,30.581450702771498,6.478541277794694,0.04669189453096501,0.07263183593705669,0.0457763671872206,0.10034179687438756,0.20605468749874234,0.1379394531241581,0.06823730468708351,0.0762329101557847,0.12896728515546285,0.11712646484303511,0.13253431,0.1010566,8619.0,2662.9282451051067,0.015273825212998124,822.7389301054139,pituitary,Training
36.12176513671875,36.12176513671875,36.12176513671875,0.0,0.0,36.12176513671875,0.53570557,0.13476562,0.2555542,0.04260254,0.021911621,0.008544922,0.0008544922,6.1035156e-05,0.53570557,0.13476562,0.2555542,0.04260254,0.021911621,0.008544922,0.0008544922,6.1035156e-05,0.53570557,0.13476562,0.2555542,0.04260254,0.021911621,0.008544922,0.0008544922,6.1035156e-05,36.12176513671875,7.0,1660.1334276460111,40.74473496841047,5.135225072866362,0.028625488281075282,0.043212890624736246,0.027282714843583477,0.0704345703120701,0.1166381835930381,0.11419677734305299,0.04174804687474519,0.05493164062466472,0.42578124999740125,0.07714843749952913,0.11527396,0.12037314,7275.0,1184.519948728394,0.06515655341328,192.86426239663464,pituitary,Training
36.245849609375,36.245849609375,36.245849609375,0.0,0.0,36.245849609375,0.54034424,0.2033081,0.16815186,0.055358887,0.026611328,0.0059814453,0.00024414062,0.0,0.54034424,0.2033081,0.16815186,0.055358887,0.026611328,0.0059814453,0.00024414062,0.0,0.54034424,0.2033081,0.16815186,0.055358887,0.026611328,0.0059814453,0.00024414062,0.0,36.245849609375,13.0,1584.7587718367577,39.80902877283943,5.790274726786131,0.05047607421844191,0.06500244140585325,0.03588867187478095,0.06274414062461704,0.11749267578053288,0.09796142578065209,0.05187988281218335,0.07055664062456936,0.33349609374796446,0.11450195312430113,0.12664086,0.108350694,6759.0,1872.1677477306462,0.024232755023212253,518.5696220806096,pituitary,Training
45.6099853515625,45.6099853515625,45.6099853515625,0.0,0.0,45.6099853515625,0.36376953,0.35791016,0.20214844,0.053649902,0.020385742,0.0020141602,0.00012207031,0.0,0.36376953,0.35791016,0.20214844,0.053649902,0.020385742,0.0020141602,0.00012207031,0.0,0.36376953,0.35791016,0.20214844,0.053649902,0.020385742,0.0020141602,0.00012207031,0.0,45.6099853515625,52.0,1159.0041385740042,34.044149843607556,6.301278338594444,0.06927490234332717,0.07574462890578769,0.04034423828100376,0.07751464843702688,0.14227294921788164,0.11059570312432497,0.05364990234342255,0.0881958007807117,0.1921997070300769,0.1502075195303332,0.1371571,0.094687425,9656.0,2099.0804819966042,0.027539049093800116,456.31098486941755,pituitary,Training
49.541015625,49.541015625,49.541015625,0.0,0.0,49.541015625,0.35424805,0.21917725,0.3546753,0.05230713,0.016418457,0.0029296875,0.00018310547,6.1035156e-05,0.35424805,0.21917725,0.3546753,0.05230713,0.016418457,0.0029296875,0.00018310547,6.1035156e-05,0.35424805,0.21917725,0.3546753,0.05230713,0.016418457,0.0029296875,0.00018310547,6.1035156e-05,49.541015625,56.0,1284.9050559997559,35.84557233466577,6.483958146286081,0.09143066406194195,0.09692382812440842,0.0537719726559218,0.07855224609327055,0.11987304687426835,0.0881958007807117,0.05718994140590094,0.09594726562441439,0.13366699218668415,0.1844482421863742,0.14409189,0.08375743,9619.0,2106.913959755234,0.02722990884314335,461.4914683243039,pituitary,Training
